WT,Mut,Pos,global_analysis_euclidean,positional_analysis_euclidean,global_analysis_cosine,positional_analysis_cosine
T_0,A,1,0.3441349267959595,0.2324896901845932,0.0006306171417236328,0.14371371269226074
T_0,C,1,0.3090786933898926,0.19413764774799347,0.0005072951316833496,0.1445624828338623
T_0,D,1,0.43783503770828247,0.23129737377166748,0.00102996826171875,0.1429527997970581
T_0,E,1,0.4071958065032959,0.21935977041721344,0.0008885860443115234,0.1375420093536377
T_0,F,1,0.48516473174095154,0.23364850878715515,0.0012646913528442383,0.15306049585342407
T_0,G,1,0.49151360988616943,0.26574990153312683,0.0013006329536437988,0.1515856385231018
T_0,H,1,0.29252707958221436,0.18721655011177063,0.00045239925384521484,0.140275239944458
T_0,I,1,0.3424686789512634,0.21747297048568726,0.000625908374786377,0.14405304193496704
T_0,K,1,0.37492167949676514,0.21661804616451263,0.000751793384552002,0.14978379011154175
T_0,L,1,0.4202731251716614,0.25012728571891785,0.0009471774101257324,0.14723896980285645
T_0,M,1,0.4526861310005188,0.2335534691810608,0.0011006593704223633,0.14532959461212158
T_0,N,1,0.31007087230682373,0.2070300579071045,0.000509798526763916,0.14553755521774292
T_0,P,1,0.40426895022392273,0.2309354543685913,0.0008760690689086914,0.14515936374664307
T_0,Q,1,0.31783536076545715,0.21981126070022583,0.0005359649658203125,0.13964438438415527
T_0,R,1,0.40905195474624634,0.24437685310840607,0.0008981823921203613,0.14919745922088623
T_0,S,1,0.26954782009124756,0.20959727466106415,0.00038123130798339844,0.13930732011795044
T_0,T,1,0.0,0.0,-1.2874603271484375e-05,0.14297699928283691
T_0,V,1,0.3299126923084259,0.21638107299804688,0.0005774497985839844,0.14351171255111694
T_0,W,1,0.3407208323478699,0.18609808385372162,0.000619351863861084,0.14187568426132202
T_0,Y,1,0.37381795048713684,0.19692672789096832,0.0007461309432983398,0.1428125500679016
Y_1,A,2,0.6013195514678955,0.23556602001190186,0.0019518136978149414,0.13826000690460205
Y_1,C,2,0.43491068482398987,0.18137744069099426,0.0010145902633666992,0.13591641187667847
Y_1,D,2,0.6437608003616333,0.23972007632255554,0.002238750457763672,0.13898307085037231
Y_1,E,2,0.6766940951347351,0.24123315513134003,0.002475738525390625,0.13698673248291016
Y_1,F,2,0.28828340768814087,0.175380676984787,0.0004375576972961426,0.13748931884765625
Y_1,G,2,0.6398584842681885,0.24860388040542603,0.0022112131118774414,0.13592076301574707
Y_1,H,2,0.38091328740119934,0.17735284566879272,0.0007758736610412598,0.13698196411132812
Y_1,I,2,0.562717854976654,0.2308720350265503,0.0017083287239074707,0.1409444808959961
Y_1,K,2,0.6159459352493286,0.22587408125400543,0.0020483732223510742,0.13642185926437378
Y_1,L,2,0.5331129431724548,0.2384544163942337,0.0015316009521484375,0.14351248741149902
Y_1,M,2,0.492552250623703,0.21190614998340607,0.0013059377670288086,0.13957667350769043
Y_1,N,2,0.5450739860534668,0.21882861852645874,0.0016033053398132324,0.1352972388267517
Y_1,P,2,0.6449445486068726,0.2433442920446396,0.0022486448287963867,0.13678628206253052
Y_1,Q,2,0.5804640650749207,0.23100745677947998,0.0018195509910583496,0.13860327005386353
Y_1,R,2,0.601723849773407,0.23183369636535645,0.001956939697265625,0.14175409078598022
Y_1,S,2,0.5721173286437988,0.23216931521892548,0.0017668604850769043,0.13756287097930908
Y_1,T,2,0.5770789980888367,0.24072995781898499,0.001797020435333252,0.12142801284790039
Y_1,V,2,0.5810552835464478,0.23560956120491028,0.0018227696418762207,0.14158278703689575
Y_1,W,2,0.39911597967147827,0.1610097736120224,0.0008529424667358398,0.13331449031829834
Y_1,Y,2,0.0,0.0,-1.2874603271484375e-05,0.1418662667274475
V_2,A,3,0.6959443092346191,0.25382092595100403,0.0026189684867858887,0.18141645193099976
V_2,C,3,0.5683013200759888,0.21833756566047668,0.001740872859954834,0.1754300594329834
V_2,D,3,0.5512781143188477,0.18399789929389954,0.0016398429870605469,0.16820335388183594
V_2,E,3,0.5804165601730347,0.21819165349006653,0.0018182992935180664,0.17360645532608032
V_2,F,3,0.7427825331687927,0.283130943775177,0.0029850006103515625,0.17918843030929565
V_2,G,3,0.9279714226722717,0.2871933877468109,0.004667222499847412,0.1851559281349182
V_2,H,3,0.5929633975028992,0.22669075429439545,0.0018970966339111328,0.17726993560791016
V_2,I,3,0.34801721572875977,0.2183264195919037,0.0006446242332458496,0.18050891160964966
V_2,K,3,0.5699575543403625,0.21301811933517456,0.001751720905303955,0.17600619792938232
V_2,L,3,0.5944426655769348,0.262407124042511,0.0019087791442871094,0.1878475546836853
V_2,M,3,0.5143528580665588,0.24200895428657532,0.0014257431030273438,0.18429231643676758
V_2,N,3,0.5636600852012634,0.19993267953395844,0.001712799072265625,0.16628801822662354
V_2,P,3,0.6130029559135437,0.20573315024375916,0.0020273923873901367,0.1710660457611084
V_2,Q,3,0.5542219877243042,0.21508227288722992,0.0016568899154663086,0.17570149898529053
V_2,R,3,0.659808337688446,0.23534268140792847,0.002352476119995117,0.1790313720703125
V_2,S,3,0.7095955014228821,0.2581016421318054,0.002723097801208496,0.18098008632659912
V_2,T,3,0.5824851989746094,0.24738065898418427,0.001831352710723877,0.18484187126159668
V_2,V,3,0.0,0.0,-1.2874603271484375e-05,0.1780381202697754
V_2,W,3,0.5169990658760071,0.18089988827705383,0.0014386773109436035,0.16735637187957764
V_2,Y,3,0.8398950099945068,0.285844624042511,0.0038207173347473145,0.16968470811843872
Q_3,A,4,0.5078465938568115,0.2589995563030243,0.001389622688293457,0.1923719048500061
Q_3,C,4,0.4302639067173004,0.21516907215118408,0.0009933710098266602,0.18789923191070557
Q_3,D,4,0.5972222089767456,0.26377633213996887,0.0019240975379943848,0.19340777397155762
Q_3,E,4,0.47396016120910645,0.22569605708122253,0.0012087225914001465,0.19967889785766602
Q_3,F,4,0.6278409361839294,0.23178046941757202,0.0021276473999023438,0.185141921043396
Q_3,G,4,0.5556978583335876,0.24176473915576935,0.0016647577285766602,0.1916632056236267
Q_3,H,4,0.43597233295440674,0.22305576503276825,0.0010195374488830566,0.18914639949798584
Q_3,I,4,0.6392659544944763,0.2673378586769104,0.0022085905075073242,0.18116074800491333
Q_3,K,4,0.43554985523223877,0.23067443072795868,0.001018524169921875,0.20148789882659912
Q_3,L,4,0.5641336441040039,0.2712837755680084,0.0017158985137939453,0.1954033374786377
Q_3,M,4,0.4474339485168457,0.23002281785011292,0.0010750293731689453,0.19109362363815308
Q_3,N,4,0.514860987663269,0.24309928715229034,0.001428067684173584,0.1911153793334961
Q_3,P,4,0.5343562364578247,0.23162896931171417,0.0015395283699035645,0.19583016633987427
Q_3,Q,4,0.0,0.0,-1.2874603271484375e-05,0.20362091064453125
Q_3,R,4,0.4587489366531372,0.24811138212680817,0.001131296157836914,0.2018979787826538
Q_3,S,4,0.4825479984283447,0.24475890398025513,0.0012524724006652832,0.18928492069244385
Q_3,T,4,0.5754004716873169,0.27594080567359924,0.001786351203918457,0.1856566071510315
Q_3,V,4,0.6485743522644043,0.2803530693054199,0.0022736191749572754,0.16462594270706177
Q_3,W,4,0.45353376865386963,0.19456659257411957,0.0011065006256103516,0.1848331093788147
Q_3,Y,4,0.7149457335472107,0.2544559836387634,0.0027667880058288574,0.19353938102722168
A_4,A,5,0.0,0.0,-1.2874603271484375e-05,0.26956498622894287
A_4,C,5,0.5584768652915955,0.27809882164001465,0.0016818046569824219,0.2914518117904663
A_4,D,5,0.5438191890716553,0.20758794248104095,0.0015949606895446777,0.2762131690979004
A_4,E,5,0.5339376926422119,0.20552165806293488,0.0015357136726379395,0.28236323595046997
A_4,F,5,0.6661567687988281,0.2623765468597412,0.0023989081382751465,0.2942088842391968
A_4,G,5,0.6273753643035889,0.2900596857070923,0.0021253228187561035,0.31191539764404297
A_4,H,5,0.4787783622741699,0.19724851846694946,0.001233518123626709,0.2869179844856262
A_4,I,5,0.6907632350921631,0.30367180705070496,0.002580106258392334,0.2870599031448364
A_4,K,5,0.5433295965194702,0.21932819485664368,0.0015907883644104004,0.2803204655647278
A_4,L,5,0.7719219923019409,0.3210279047489166,0.003226637840270996,0.31103163957595825
A_4,M,5,0.5576478242874146,0.27465352416038513,0.0016770362854003906,0.29697149991989136
A_4,N,5,0.5486792325973511,0.23705096542835236,0.0016230940818786621,0.2838168740272522
A_4,P,5,0.561529278755188,0.2579391598701477,0.001701653003692627,0.3055990934371948
A_4,Q,5,0.4904031455516815,0.2098838835954666,0.0012954473495483398,0.27631676197052
A_4,R,5,0.5668888092041016,0.23300586640834808,0.0017343759536743164,0.28642338514328003
A_4,S,5,0.5589302778244019,0.28581103682518005,0.0016852617263793945,0.2970547676086426
A_4,T,5,0.626731812953949,0.3057933449745178,0.002122342586517334,0.31219685077667236
A_4,V,5,0.7272127866744995,0.30740517377853394,0.0028615593910217285,0.2835915684700012
A_4,W,5,0.4728173017501831,0.1816587895154953,0.0012031793594360352,0.27614134550094604
A_4,Y,5,0.6433601379394531,0.2430294156074524,0.002234518527984619,0.28342384099960327
L_5,A,6,0.6440757513046265,0.30353227257728577,0.002241373062133789,0.26989513635635376
L_5,C,6,0.5635401606559753,0.27323824167251587,0.0017114877700805664,0.29135942459106445
L_5,D,6,0.7642924785614014,0.3102412819862366,0.0031617283821105957,0.28511160612106323
L_5,E,6,0.747886061668396,0.29549938440322876,0.0030277371406555176,0.293232798576355
L_5,F,6,0.594948410987854,0.2925615906715393,0.001910865306854248,0.2865906357765198
L_5,G,6,0.7651796936988831,0.3218453526496887,0.003169834613800049,0.30182963609695435
L_5,H,6,0.6055529713630676,0.284009724855423,0.001980304718017578,0.29262834787368774
L_5,I,6,0.46275508403778076,0.27247631549835205,0.0011510848999023438,0.29190754890441895
L_5,K,6,0.6574281454086304,0.279169499874115,0.0023360252380371094,0.29900413751602173
L_5,L,6,0.0,0.0,-1.2874603271484375e-05,0.2837646007537842
L_5,M,6,0.384679913520813,0.24381549656391144,0.0007911324501037598,0.2935943603515625
L_5,N,6,0.7063188552856445,0.3050617575645447,0.0026980042457580566,0.2992236614227295
L_5,P,6,0.643041729927063,0.26622438430786133,0.0022341012954711914,0.29012954235076904
L_5,Q,6,0.5754801034927368,0.2796463966369629,0.0017874836921691895,0.291604220867157
L_5,R,6,0.7012115716934204,0.31231430172920227,0.002658843994140625,0.3110343813896179
L_5,S,6,0.6647548675537109,0.2987107038497925,0.0023880600929260254,0.2859424352645874
L_5,T,6,0.65447998046875,0.3332446813583374,0.0023136138916015625,0.3050518035888672
L_5,V,6,0.525934636592865,0.3046751320362091,0.001489400863647461,0.289429247379303
L_5,W,6,0.5814146399497986,0.24194277822971344,0.0018251538276672363,0.28397136926651
L_5,Y,6,0.6572403311729431,0.2943323850631714,0.0023339390754699707,0.27872705459594727
F_6,A,7,0.8029446005821228,0.31112420558929443,0.0034905076026916504,0.2590804696083069
F_6,C,7,0.612724781036377,0.2460101693868637,0.002027750015258789,0.2608492374420166
F_6,D,7,0.6860083341598511,0.2545976936817169,0.0025440454483032227,0.25158125162124634
F_6,E,7,0.7627900838851929,0.2732277512550354,0.0031495094299316406,0.24225658178329468
F_6,F,7,0.0,0.0,-1.2874603271484375e-05,0.25077033042907715
F_6,G,7,0.7172009348869324,0.2670753300189972,0.0027826428413391113,0.2617890238761902
F_6,H,7,0.5854600071907043,0.251934289932251,0.0018497705459594727,0.2588871717453003
F_6,I,7,0.6590880155563354,0.27177488803863525,0.002348959445953369,0.2587360739707947
F_6,K,7,0.7311756014823914,0.2668716609477997,0.0028916001319885254,0.2543444037437439
F_6,L,7,0.6746596097946167,0.283989280462265,0.0024608373641967773,0.23498719930648804
F_6,M,7,0.5832529664039612,0.24595382809638977,0.0018372535705566406,0.2517651915550232
F_6,N,7,0.6780917644500732,0.27880194783210754,0.0024853944778442383,0.24764633178710938
F_6,P,7,0.7200482487678528,0.2518642842769623,0.0028058886528015137,0.2563241720199585
F_6,Q,7,0.7570605874061584,0.2938922047615051,0.0031018853187561035,0.25985586643218994
F_6,R,7,0.7805021405220032,0.28162989020347595,0.0032988786697387695,0.25807279348373413
F_6,S,7,0.7475757002830505,0.3099411129951477,0.0030234456062316895,0.26432013511657715
F_6,T,7,0.7189328670501709,0.27749574184417725,0.0027957558631896973,0.2556226849555969
F_6,V,7,0.7338352203369141,0.29307684302330017,0.0029149651527404785,0.2568150758743286
F_6,W,7,0.5004903078079224,0.20477329194545746,0.0013490915298461914,0.25451457500457764
F_6,Y,7,0.43648913502693176,0.21830426156520844,0.0010223984718322754,0.24871045351028442
D_7,A,8,0.7661649584770203,0.3327658772468567,0.0031768083572387695,0.2822161912918091
D_7,C,8,0.7015905380249023,0.27827906608581543,0.0026618242263793945,0.27672702074050903
D_7,D,8,0.0,0.0,-1.2874603271484375e-05,0.3021612763404846
D_7,E,8,0.575532078742981,0.29152756929397583,0.001787424087524414,0.29064518213272095
D_7,F,8,0.7340472936630249,0.2590063810348511,0.0029148459434509277,0.26257961988449097
D_7,G,8,0.7583106756210327,0.3323098123073578,0.003111720085144043,0.2942240238189697
D_7,H,8,0.6940004229545593,0.29042091965675354,0.0026051998138427734,0.28606992959976196
D_7,I,8,0.6739428043365479,0.2674626410007477,0.002455294132232666,0.2729915976524353
D_7,K,8,0.7577458620071411,0.30568408966064453,0.003107607364654541,0.2749864459037781
D_7,L,8,0.8425073623657227,0.3284992277622223,0.0038444995880126953,0.27618134021759033
D_7,M,8,0.6365230679512024,0.2646741271018982,0.0021888017654418945,0.27081096172332764
D_7,N,8,0.5400816202163696,0.27390870451927185,0.0015731453895568848,0.2947733402252197
D_7,P,8,0.8152062892913818,0.3243018686771393,0.0035985708236694336,0.28366774320602417
D_7,Q,8,0.7406981587409973,0.31314393877983093,0.002968907356262207,0.28286999464035034
D_7,R,8,0.8829595446586609,0.33197060227394104,0.0042250752449035645,0.278159499168396
D_7,S,8,0.7402853965759277,0.32461807131767273,0.002964496612548828,0.28448885679244995
D_7,T,8,0.7542886734008789,0.32057270407676697,0.0030782222747802734,0.28166794776916504
D_7,V,8,0.7748159766197205,0.324499249458313,0.0032492876052856445,0.2749990224838257
D_7,W,8,0.5814723968505859,0.21992327272891998,0.0018261075019836426,0.27421408891677856
D_7,Y,8,0.7188562750816345,0.26160359382629395,0.002795994281768799,0.26748764514923096
F_8,A,9,0.7491610050201416,0.2860848009586334,0.003038167953491211,0.30103546380996704
F_8,C,9,0.6204004287719727,0.24664819240570068,0.0020784735679626465,0.31420010328292847
F_8,D,9,0.7494592666625977,0.2768673002719879,0.003039062023162842,0.28753215074539185
F_8,E,9,0.7511749863624573,0.26374202966690063,0.003053605556488037,0.2992076873779297
F_8,F,9,0.0,0.0,-1.2874603271484375e-05,0.321323037147522
F_8,G,9,0.8107870817184448,0.2924313247203827,0.0035606026649475098,0.30286306142807007
F_8,H,9,0.6363826990127563,0.26213958859443665,0.0021876096725463867,0.3095066547393799
F_8,I,9,0.7053327560424805,0.29521989822387695,0.0026887059211730957,0.3122059106826782
F_8,K,9,0.7608264684677124,0.27681469917297363,0.0031329989433288574,0.3010815382003784
F_8,L,9,0.7027668356895447,0.2775372564792633,0.0026724934577941895,0.3172789216041565
F_8,M,9,0.6525975465774536,0.2765381634235382,0.0023005008697509766,0.2997753620147705
F_8,N,9,0.6549270749092102,0.25307634472846985,0.002318263053894043,0.31249338388442993
F_8,P,9,0.7623220682144165,0.27794623374938965,0.0031452178955078125,0.30427587032318115
F_8,Q,9,0.7120323181152344,0.27085596323013306,0.0027434825897216797,0.3002210855484009
F_8,R,9,0.8104364275932312,0.2822320759296417,0.0035558342933654785,0.3077501654624939
F_8,S,9,0.7168145179748535,0.3032686710357666,0.0027801990509033203,0.3062193989753723
F_8,T,9,0.7083228826522827,0.2920942008495331,0.0027132630348205566,0.304085910320282
F_8,V,9,0.7021015286445618,0.2794964611530304,0.002665579319000244,0.3141253590583801
F_8,W,9,0.5672904849052429,0.22410744428634644,0.0017347931861877441,0.3052799701690674
F_8,Y,9,0.46961191296577454,0.2555845081806183,0.0011861920356750488,0.3090311288833618
D_9,A,10,0.588422954082489,0.2969822883605957,0.0018699169158935547,0.25870752334594727
D_9,C,10,0.5871676206588745,0.25170278549194336,0.0018607378005981445,0.25141602754592896
D_9,D,10,0.0,0.0,-1.2874603271484375e-05,0.27261602878570557
D_9,E,10,0.4127245545387268,0.2642468810081482,0.0009130239486694336,0.26131850481033325
D_9,F,10,0.6814305186271667,0.2861372232437134,0.0025093555450439453,0.23238861560821533
D_9,G,10,0.6076928377151489,0.312825471162796,0.001994192600250244,0.27253782749176025
D_9,H,10,0.5433619618415833,0.26479363441467285,0.0015912055969238281,0.24917131662368774
D_9,I,10,0.6441035270690918,0.29910367727279663,0.0022412538528442383,0.2570505142211914
D_9,K,10,0.6290074586868286,0.2904329001903534,0.0021355748176574707,0.2587504982948303
D_9,L,10,0.6856628060340881,0.3163781464099884,0.0025426149368286133,0.2550652027130127
D_9,M,10,0.5507048964500427,0.2555581033229828,0.0016345977783203125,0.25219810009002686
D_9,N,10,0.4379373788833618,0.26007455587387085,0.0010304450988769531,0.255216121673584
D_9,P,10,0.6424875855445862,0.287784218788147,0.0022302865982055664,0.2521193027496338
D_9,Q,10,0.5476358532905579,0.28653544187545776,0.0016164779663085938,0.25516819953918457
D_9,R,10,0.6646372079849243,0.30598828196525574,0.0023888349533081055,0.25381243228912354
D_9,S,10,0.5592610836029053,0.2935166656970978,0.0016872286796569824,0.26142239570617676
D_9,T,10,0.5828132033348083,0.30909430980682373,0.0018323659896850586,0.26059746742248535
D_9,V,10,0.6496482491493225,0.3160892128944397,0.0022800564765930176,0.2607564330101013
D_9,W,10,0.5215891599655151,0.2308342605829239,0.00146561861038208,0.24948304891586304
D_9,Y,10,0.6538488864898682,0.27798986434936523,0.002310454845428467,0.24638515710830688
P_10,A,11,0.6272492408752441,0.3089102804660797,0.0021256208419799805,0.26545101404190063
P_10,C,11,0.6093871593475342,0.27568143606185913,0.002005457878112793,0.2590007781982422
P_10,D,11,0.7126801609992981,0.3197844922542572,0.002747952938079834,0.22641468048095703
P_10,E,11,0.6692149043083191,0.30095621943473816,0.0024201273918151855,0.25205594301223755
P_10,F,11,0.7691121101379395,0.29540640115737915,0.003202378749847412,0.24596041440963745
P_10,G,11,0.7969748377799988,0.345156192779541,0.0034390687942504883,0.2663637399673462
P_10,H,11,0.6003109216690063,0.27140915393829346,0.0019450783729553223,0.24856245517730713
P_10,I,11,0.6273857355117798,0.2750166058540344,0.002124786376953125,0.26196813583374023
P_10,K,11,0.6941395401954651,0.3018485903739929,0.0026074647903442383,0.2508198618888855
P_10,L,11,0.6686492562294006,0.30329594016075134,0.0024167895317077637,0.2754564881324768
P_10,M,11,0.5931957960128784,0.2752115726470947,0.0019001960754394531,0.25169533491134644
P_10,N,11,0.6738411784172058,0.30459320545196533,0.0024548768997192383,0.24813270568847656
P_10,P,11,0.0,0.0,-1.2874603271484375e-05,0.2767537832260132
P_10,Q,11,0.595211386680603,0.2816387414932251,0.0019116401672363281,0.25639528036117554
P_10,R,11,0.7349309325218201,0.32686087489128113,0.0029213428497314453,0.2716037631034851
P_10,S,11,0.6681898236274719,0.32670971751213074,0.002413928508758545,0.266970157623291
P_10,T,11,0.6542401313781738,0.31142085790634155,0.0023134350776672363,0.2772604823112488
P_10,V,11,0.6334739327430725,0.29140207171440125,0.0021671056747436523,0.26401394605636597
P_10,W,11,0.6476797461509705,0.25298309326171875,0.002264559268951416,0.242730975151062
P_10,Y,11,0.748599112033844,0.29589539766311646,0.0030336976051330566,0.2435619831085205
Q_11,A,12,0.4521312713623047,0.294597327709198,0.0010984539985656738,0.28727275133132935
Q_11,C,12,0.4108603000640869,0.24783653020858765,0.0009056925773620605,0.29535579681396484
Q_11,D,12,0.5451502203941345,0.2973824143409729,0.0016034841537475586,0.3000252842903137
Q_11,E,12,0.4424777626991272,0.2640889585018158,0.0010516047477722168,0.3054596781730652
Q_11,F,12,0.6111147403717041,0.29931050539016724,0.002017498016357422,0.2944675087928772
Q_11,G,12,0.5965942144393921,0.3168579638004303,0.0019225478172302246,0.2980766296386719
Q_11,H,12,0.3380424380302429,0.21461014449596405,0.000607609748840332,0.2866553068161011
Q_11,I,12,0.5347240567207336,0.28464922308921814,0.0015412569046020508,0.29271620512008667
Q_11,K,12,0.4398689270019531,0.2707820236682892,0.0010376572608947754,0.2975021004676819
Q_11,L,12,0.5347169637680054,0.3046654164791107,0.0015406608581542969,0.2974451184272766
Q_11,M,12,0.40647560358047485,0.2617734372615814,0.0008855462074279785,0.30256593227386475
Q_11,N,12,0.4689309895038605,0.27616551518440247,0.0011821985244750977,0.2898538112640381
Q_11,P,12,0.5896183252334595,0.3046087622642517,0.0018755793571472168,0.2586173415184021
Q_11,Q,12,0.0,0.0,-1.2874603271484375e-05,0.3053617477416992
Q_11,R,12,0.4818798005580902,0.29012414813041687,0.0012494325637817383,0.29995232820510864
Q_11,S,12,0.4621131122112274,0.29567527770996094,0.0011480450630187988,0.29108673334121704
Q_11,T,12,0.4542972445487976,0.2918899655342102,0.0011085271835327148,0.29498738050460815
Q_11,V,12,0.517361581325531,0.3030877709388733,0.00144195556640625,0.3077593445777893
Q_11,W,12,0.41901934146881104,0.21893306076526642,0.0009416341781616211,0.2840588092803955
Q_11,Y,12,0.6061884760856628,0.2862231433391571,0.001983463764190674,0.29830169677734375
E_12,A,13,0.5605428814888,0.28866779804229736,0.0016962289810180664,0.2499566674232483
E_12,C,13,0.5568544268608093,0.24968579411506653,0.0016723871231079102,0.23478275537490845
E_12,D,13,0.42882639169692993,0.2624107003211975,0.0009858012199401855,0.2340991497039795
E_12,E,13,0.0,0.0,-1.2874603271484375e-05,0.23717403411865234
E_12,F,13,0.7529897093772888,0.28957685828208923,0.003070235252380371,0.24578189849853516
E_12,G,13,0.6349604725837708,0.3231217563152313,0.0021786093711853027,0.25471168756484985
E_12,H,13,0.5775473713874817,0.24977906048297882,0.0017997026443481445,0.23370730876922607
E_12,I,13,0.6562934517860413,0.2819127142429352,0.00232851505279541,0.24116528034210205
E_12,K,13,0.6506595611572266,0.2780219614505768,0.002288639545440674,0.23127508163452148
E_12,L,13,0.6926493644714355,0.2929958999156952,0.0025957822799682617,0.23989510536193848
E_12,M,13,0.5741602778434753,0.2786604166030884,0.0017788410186767578,0.23487210273742676
E_12,N,13,0.6278543472290039,0.306533545255661,0.0021305084228515625,0.24549293518066406
E_12,P,13,0.634409487247467,0.2802183926105499,0.0021744370460510254,0.24538463354110718
E_12,Q,13,0.4844319522380829,0.2587796151638031,0.0012617707252502441,0.21166300773620605
E_12,R,13,0.6767534017562866,0.29175716638565063,0.002476632595062256,0.23758673667907715
E_12,S,13,0.6273849010467529,0.3057090640068054,0.0021283626556396484,0.24146270751953125
E_12,T,13,0.6492875814437866,0.3040233850479126,0.002277851104736328,0.24063652753829956
E_12,V,13,0.6217868328094482,0.3057993948459625,0.0020873546600341797,0.2541691064834595
E_12,W,13,0.5859928131103516,0.23464630544185638,0.0018524527549743652,0.23171281814575195
E_12,Y,13,0.7402999997138977,0.28598901629447937,0.0029659271240234375,0.23886024951934814
D_13,A,14,0.5623311400413513,0.27844589948654175,0.0017063617706298828,0.24904167652130127
D_13,C,14,0.5297045111656189,0.2214241623878479,0.0015118718147277832,0.23636680841445923
D_13,D,14,0.0,0.0,-1.2874603271484375e-05,0.244043231010437
D_13,E,14,0.35387614369392395,0.23252566158771515,0.0006679892539978027,0.22100144624710083
D_13,F,14,0.7098304033279419,0.25265634059906006,0.002724945545196533,0.24755209684371948
D_13,G,14,0.5494686365127563,0.28329282999038696,0.0016277432441711426,0.2500017285346985
D_13,H,14,0.5136008858680725,0.23944349586963654,0.0014216303825378418,0.24358528852462769
D_13,I,14,0.6374604105949402,0.26638033986091614,0.0021958351135253906,0.24311292171478271
D_13,K,14,0.6299874186515808,0.26579779386520386,0.0021437406539916992,0.24362701177597046
D_13,L,14,0.7200782299041748,0.2837888300418854,0.0028058886528015137,0.2517055869102478
D_13,M,14,0.5783800482749939,0.2397240698337555,0.0018059015274047852,0.24022358655929565
D_13,N,14,0.4506588876247406,0.2404029667377472,0.0010916590690612793,0.2445421814918518
D_13,P,14,0.5885500907897949,0.2550220489501953,0.0018701553344726562,0.24383097887039185
D_13,Q,14,0.5067845582962036,0.25523850321769714,0.0013827681541442871,0.24016445875167847
D_13,R,14,0.6654317378997803,0.2859206795692444,0.002391993999481201,0.2487921118736267
D_13,S,14,0.5108787417411804,0.26079219579696655,0.0014060735702514648,0.24793213605880737
D_13,T,14,0.5340815782546997,0.26097244024276733,0.0015374422073364258,0.2470042109489441
D_13,V,14,0.6179622411727905,0.27066609263420105,0.002064347267150879,0.24848729372024536
D_13,W,14,0.5602936744689941,0.21089372038841248,0.0016937255859375,0.234910786151886
D_13,Y,14,0.656653642654419,0.2512168884277344,0.002331376075744629,0.24582219123840332
G_14,A,15,0.6261129379272461,0.3065098524093628,0.0021170973777770996,0.22561705112457275
G_14,C,15,0.6136351823806763,0.27950215339660645,0.0020331740379333496,0.21823585033416748
G_14,D,15,0.7197239398956299,0.3169282078742981,0.002801656723022461,0.2041616439819336
G_14,E,15,0.6944444179534912,0.30409547686576843,0.002609550952911377,0.22060322761535645
G_14,F,15,0.8310981392860413,0.310945063829422,0.0037406086921691895,0.21902227401733398
G_14,G,15,0.0,0.0,-1.2874603271484375e-05,0.23343223333358765
G_14,H,15,0.6777447462081909,0.3015925884246826,0.002483844757080078,0.21998345851898193
G_14,I,15,0.7973126173019409,0.3124393820762634,0.0034415721893310547,0.21883267164230347
G_14,K,15,0.7959780097007751,0.3100943863391876,0.0034310221672058105,0.21068018674850464
G_14,L,15,0.8390076756477356,0.3178601861000061,0.003812730312347412,0.2228108048439026
G_14,M,15,0.6897740960121155,0.29540306329727173,0.00257265567779541,0.21906858682632446
G_14,N,15,0.6023575663566589,0.2931481599807739,0.001959562301635742,0.22229278087615967
G_14,P,15,0.726651668548584,0.28790518641471863,0.002856016159057617,0.21992242336273193
G_14,Q,15,0.6731118559837341,0.29363659024238586,0.002448856830596924,0.21484655141830444
G_14,R,15,0.7663657665252686,0.3077225685119629,0.0031787753105163574,0.21884745359420776
G_14,S,15,0.6097331047058105,0.29809659719467163,0.0020076632499694824,0.22636401653289795
G_14,T,15,0.7051559686660767,0.32848265767097473,0.002689182758331299,0.2445729374885559
G_14,V,15,0.760650098323822,0.3038136959075928,0.003131389617919922,0.21646302938461304
G_14,W,15,0.6697958707809448,0.25801101326942444,0.0024250149726867676,0.21545809507369995
G_14,Y,15,0.782150387763977,0.3034343421459198,0.0033110380172729492,0.21807420253753662
E_15,A,16,0.7827103734016418,0.31799620389938354,0.003316223621368408,0.26919811964035034
E_15,C,16,0.540973424911499,0.21899372339248657,0.0015747547149658203,0.27196580171585083
E_15,D,16,0.7059066295623779,0.31840264797210693,0.002695143222808838,0.2831844091415405
E_15,E,16,0.0,0.0,-1.2874603271484375e-05,0.2722961902618408
E_15,F,16,0.8403282761573792,0.30081412196159363,0.003824293613433838,0.27223068475723267
E_15,G,16,0.7376986145973206,0.3131163418292999,0.0029434561729431152,0.25227653980255127
E_15,H,16,0.7187965512275696,0.30575793981552124,0.002794921398162842,0.2710959315299988
E_15,I,16,0.7858197093009949,0.3226258456707001,0.003342866897583008,0.2785184979438782
E_15,K,16,0.6712948083877563,0.28425851464271545,0.002436399459838867,0.27398407459259033
E_15,L,16,0.9068924188613892,0.3526758849620819,0.0044571757316589355,0.2789151668548584
E_15,M,16,0.6816919445991516,0.28950950503349304,0.0025134682655334473,0.2732481360435486
E_15,N,16,0.7288690209388733,0.307866632938385,0.002875387668609619,0.266165554523468
E_15,P,16,0.6720287799835205,0.2719310522079468,0.002440810203552246,0.2669069170951843
E_15,Q,16,0.6546152234077454,0.29997408390045166,0.0023154020309448242,0.2853061556816101
E_15,R,16,0.7286434173583984,0.29365378618240356,0.0028722286224365234,0.27555519342422485
E_15,S,16,0.8507692217826843,0.34423238039016724,0.003919780254364014,0.2672237753868103
E_15,T,16,0.8419063687324524,0.35089778900146484,0.00383913516998291,0.2779182195663452
E_15,V,16,0.8395798802375793,0.3264836072921753,0.003817915916442871,0.27345091104507446
E_15,W,16,0.5526368618011475,0.1975245177745819,0.0016472339630126953,0.26806384325027466
E_15,Y,16,0.7900418043136597,0.3139570355415344,0.0033795833587646484,0.27505141496658325
L_16,A,17,0.6050190329551697,0.28500011563301086,0.00197523832321167,0.3097999095916748
L_16,C,17,0.463697612285614,0.22810888290405273,0.0011556744575500488,0.31667041778564453
L_16,D,17,0.57643061876297,0.22892045974731445,0.00179213285446167,0.2986699342727661
L_16,E,17,0.5917308330535889,0.23089982569217682,0.0018880367279052734,0.2960079312324524
L_16,F,17,0.6740043759346008,0.3262051045894623,0.002455413341522217,0.3314221501350403
L_16,G,17,0.5792368650436401,0.24064987897872925,0.001810312271118164,0.3033421039581299
L_16,H,17,0.4699024558067322,0.22496768832206726,0.0011861920356750488,0.31063032150268555
L_16,I,17,0.5112043023109436,0.2977314293384552,0.0014066696166992188,0.30728036165237427
L_16,K,17,0.570514440536499,0.2524740993976593,0.0017564892768859863,0.3113161325454712
L_16,L,17,0.0,0.0,-1.2874603271484375e-05,0.28594887256622314
L_16,M,17,0.43447479605674744,0.2718961834907532,0.0010116100311279297,0.30768609046936035
L_16,N,17,0.5400444269180298,0.2439807802438736,0.0015724897384643555,0.308732807636261
L_16,P,17,0.5067549347877502,0.20838621258735657,0.0013835430145263672,0.30502140522003174
L_16,Q,17,0.46419697999954224,0.22214286029338837,0.001158297061920166,0.3055453300476074
L_16,R,17,0.5741087794303894,0.25319069623947144,0.0017791986465454102,0.30998265743255615
L_16,S,17,0.5500383377075195,0.26302021741867065,0.0016311407089233398,0.30957329273223877
L_16,T,17,0.5820245146751404,0.28583192825317383,0.0018279552459716797,0.31913238763809204
L_16,V,17,0.6047196984291077,0.3141235411167145,0.001974821090698242,0.31037187576293945
L_16,W,17,0.4940275251865387,0.19851428270339966,0.0013130903244018555,0.30402129888534546
L_16,Y,17,0.6378041505813599,0.2901929020881653,0.0021982192993164062,0.32570719718933105
G_17,A,18,0.5484715104103088,0.32062777876853943,0.0016214251518249512,0.31589752435684204
G_17,C,18,0.6100582480430603,0.31495416164398193,0.0020096302032470703,0.308549702167511
G_17,D,18,0.7095920443534851,0.3180557191371918,0.0027238130569458008,0.30512118339538574
G_17,E,18,0.7067375183105469,0.32830488681793213,0.0027021169662475586,0.31009119749069214
G_17,F,18,0.8204297423362732,0.3241685926914215,0.003643929958343506,0.29400765895843506
G_17,G,18,0.0,0.0,-1.2874603271484375e-05,0.34278857707977295
G_17,H,18,0.6577538847923279,0.3127095103263855,0.00233614444732666,0.30808472633361816
G_17,I,18,0.768423855304718,0.33838990330696106,0.003195822238922119,0.3043767809867859
G_17,K,18,0.7606444954872131,0.35457372665405273,0.0031316280364990234,0.3159363865852356
G_17,L,18,0.7903915643692017,0.3513147830963135,0.0033821463584899902,0.2880880832672119
G_17,M,18,0.704274594783783,0.32483169436454773,0.0026813149452209473,0.31374233961105347
G_17,N,18,0.6466359496116638,0.33714449405670166,0.0022596120834350586,0.30573147535324097
G_17,P,18,0.7099960446357727,0.3425074815750122,0.002726316452026367,0.3194637894630432
G_17,Q,18,0.6677219271659851,0.33978238701820374,0.002409815788269043,0.3108797073364258
G_17,R,18,0.7691956162452698,0.35563260316848755,0.0032020211219787598,0.3242817521095276
G_17,S,18,0.6009656190872192,0.33499619364738464,0.001951456069946289,0.31020182371139526
G_17,T,18,0.7214245796203613,0.35510578751564026,0.002817094326019287,0.3076654076576233
G_17,V,18,0.7667661309242249,0.36551210284233093,0.0031824707984924316,0.3100624680519104
G_17,W,18,0.6285786032676697,0.2569015324115753,0.00213545560836792,0.2990764379501343
G_17,Y,18,0.7586150765419006,0.3082886040210724,0.003116130828857422,0.3062325119972229
F_18,A,19,1.0322972536087036,0.31066635251045227,0.00577855110168457,0.41850900650024414
F_18,C,19,0.7646703720092773,0.26400744915008545,0.003164947032928467,0.4230513572692871
F_18,D,19,0.7531766891479492,0.19801893830299377,0.003070354461669922,0.3987402319908142
F_18,E,19,0.7666410803794861,0.20004022121429443,0.0031834840774536133,0.40156763792037964
F_18,F,19,0.0,0.0,-1.2874603271484375e-05,0.3913668394088745
F_18,G,19,0.8220266103744507,0.22925491631031036,0.0036603212356567383,0.4048607349395752
F_18,H,19,0.5743406414985657,0.17919102311134338,0.0017802715301513672,0.40747785568237305
F_18,I,19,1.1105602979660034,0.32379066944122314,0.00669097900390625,0.42408740520477295
F_18,K,19,0.759533703327179,0.21008886396884918,0.003123462200164795,0.40809911489486694
F_18,L,19,1.074310302734375,0.3593112528324127,0.00625985860824585,0.42212384939193726
F_18,M,19,0.9123371839523315,0.30650097131729126,0.004510998725891113,0.4240807890892029
F_18,N,19,0.6974315643310547,0.18935203552246094,0.0026314258575439453,0.40431249141693115
F_18,P,19,0.7609695792198181,0.2167077362537384,0.003135859966278076,0.41438043117523193
F_18,Q,19,0.7293190956115723,0.19960087537765503,0.0028792619705200195,0.4054350256919861
F_18,R,19,0.7255235910415649,0.20393316447734833,0.0028477907180786133,0.41026484966278076
F_18,S,19,0.673295795917511,0.2051130086183548,0.0024501681327819824,0.40645408630371094
F_18,T,19,0.8241071105003357,0.23602072894573212,0.0036786794662475586,0.4039360284805298
F_18,V,19,1.2363238334655762,0.35143977403640747,0.008294403553009033,0.42211657762527466
F_18,W,19,0.70632404088974,0.20369593799114227,0.0026996731758117676,0.4052019715309143
F_18,Y,19,0.48918142914772034,0.2291286438703537,0.0012883543968200684,0.41943973302841187
R_19,A,20,0.5814563035964966,0.29228392243385315,0.001824498176574707,0.3168798089027405
R_19,C,20,0.4705435633659363,0.22193461656570435,0.001188814640045166,0.3151280879974365
R_19,D,20,0.6657016277313232,0.2767036259174347,0.0023956298828125,0.3287522792816162
R_19,E,20,0.6415375471115112,0.2661972939968109,0.002224564552307129,0.31875699758529663
R_19,F,20,0.6709606051445007,0.2594299018383026,0.0024352073669433594,0.3120373487472534
R_19,G,20,0.6097263097763062,0.28611862659454346,0.002007007598876953,0.3316587805747986
R_19,H,20,0.44604846835136414,0.24829427897930145,0.0010678768157958984,0.3306136131286621
R_19,I,20,0.6248539090156555,0.26943469047546387,0.0021076202392578125,0.3210325241088867
R_19,K,20,0.380904883146286,0.23332136869430542,0.0007755160331726074,0.3212675452232361
R_19,L,20,0.6323009133338928,0.28662458062171936,0.0021605491638183594,0.3260270357131958
R_19,M,20,0.4941498935222626,0.23423877358436584,0.0013127923011779785,0.3233502507209778
R_19,N,20,0.5539711117744446,0.2632690966129303,0.0016547441482543945,0.3222684860229492
R_19,P,20,0.6266690492630005,0.24293820559978485,0.0021210908889770508,0.3242133855819702
R_19,Q,20,0.42791417241096497,0.2529127597808838,0.0009824633598327637,0.3191770315170288
R_19,R,20,0.0,0.0,-1.2874603271484375e-05,0.3207896947860718
R_19,S,20,0.5316686034202576,0.27913814783096313,0.0015241503715515137,0.3168855309486389
R_19,T,20,0.5612306594848633,0.27781540155410767,0.0016983747482299805,0.3113597631454468
R_19,V,20,0.6317973136901855,0.27982211112976074,0.0021553635597229004,0.31901663541793823
R_19,W,20,0.48598551750183105,0.18318748474121094,0.0012704133987426758,0.31828951835632324
R_19,Y,20,0.6218291521072388,0.256900817155838,0.002088189125061035,0.32679814100265503
R_20,A,21,0.6845802664756775,0.3369414210319519,0.0025343894958496094,0.27306729555130005
R_20,C,21,0.4910346269607544,0.2321881502866745,0.0012969374656677246,0.2518383264541626
R_20,D,21,0.7835668325424194,0.3340016007423401,0.003322899341583252,0.27170848846435547
R_20,E,21,0.7205237150192261,0.31436800956726074,0.002807915210723877,0.2647251486778259
R_20,F,21,0.6934367418289185,0.28162068128585815,0.002600550651550293,0.25499749183654785
R_20,G,21,0.7066813707351685,0.32794588804244995,0.002702474594116211,0.26092833280563354
R_20,H,21,0.48841390013694763,0.25929394364356995,0.001282334327697754,0.25259464979171753
R_20,I,21,0.6777737736701965,0.2989298105239868,0.002485215663909912,0.25438833236694336
R_20,K,21,0.39905259013175964,0.24333521723747253,0.0008524060249328613,0.25590699911117554
R_20,L,21,0.697450578212738,0.3299033045768738,0.002632319927215576,0.25331586599349976
R_20,M,21,0.5568896532058716,0.26345452666282654,0.001672208309173584,0.25036001205444336
R_20,N,21,0.641011118888855,0.30685657262802124,0.0022202134132385254,0.25580543279647827
R_20,P,21,0.7047943472862244,0.32674387097358704,0.0026877522468566895,0.25312477350234985
R_20,Q,21,0.4791025221347809,0.2875860035419464,0.0012350082397460938,0.24565565586090088
R_20,R,21,0.0,0.0,-1.2874603271484375e-05,0.23038160800933838
R_20,S,21,0.6306275725364685,0.3127874433994293,0.0021488070487976074,0.2521023154258728
R_20,T,21,0.6264066696166992,0.3105880916118622,0.0021195411682128906,0.2514311671257019
R_20,V,21,0.6793946027755737,0.30372682213783264,0.0024959444999694824,0.26042407751083374
R_20,W,21,0.5096332430839539,0.2139396369457245,0.0013980865478515625,0.24866211414337158
R_20,Y,21,0.65207439661026,0.287629634141922,0.00229799747467041,0.26291102170944214
G_21,A,22,0.5669360756874084,0.24320891499519348,0.0017345547676086426,0.3535400629043579
G_21,C,22,0.45359471440315247,0.1820303052663803,0.0011069774627685547,0.34195852279663086
G_21,D,22,0.6233416795730591,0.24078601598739624,0.002100050449371338,0.347265362739563
G_21,E,22,0.6179975271224976,0.23387278616428375,0.0020629167556762695,0.3496204614639282
G_21,F,22,0.5411403775215149,0.13920043408870697,0.0015783905982971191,0.334505558013916
G_21,G,22,0.0,0.0,-1.2874603271484375e-05,0.33062946796417236
G_21,H,22,0.49053800106048584,0.19682084023952484,0.0012934207916259766,0.3415663242340088
G_21,I,22,0.5389623045921326,0.13611778616905212,0.0015659332275390625,0.33660197257995605
G_21,K,22,0.4881015121936798,0.20509503781795502,0.0012819170951843262,0.3446526527404785
G_21,L,22,0.5684435367584229,0.1824072003364563,0.0017437934875488281,0.34399843215942383
G_21,M,22,0.47051310539245605,0.16025269031524658,0.00119096040725708,0.34029674530029297
G_21,N,22,0.5485333800315857,0.23017098009586334,0.0016227960586547852,0.34788447618484497
G_21,P,22,0.5395334959030151,0.1471361368894577,0.001570284366607666,0.3396839499473572
G_21,Q,22,0.42876628041267395,0.14291971921920776,0.0009850263595581055,0.33590567111968994
G_21,R,22,0.46831098198890686,0.18241943418979645,0.0011792778968811035,0.3264850378036499
G_21,S,22,0.42923951148986816,0.17511282861232758,0.0009880661964416504,0.34288400411605835
G_21,T,22,0.5050888061523438,0.21070422232151031,0.00137406587600708,0.3512369990348816
G_21,V,22,0.5899695754051208,0.20970334112644196,0.0018775463104248047,0.3582521677017212
G_21,W,22,0.46388372778892517,0.12254069745540619,0.0011554360389709473,0.3353528380393982
G_21,Y,22,0.5041113495826721,0.1363043189048767,0.0013676881790161133,0.33393698930740356
D_22,A,23,0.8036500215530396,0.3245258331298828,0.0034963488578796387,0.29089778661727905
D_22,C,23,0.5659595727920532,0.20788772404193878,0.0017275214195251465,0.2777085304260254
D_22,D,23,0.0,0.0,-1.2874603271484375e-05,0.2708096504211426
D_22,E,23,0.6263607144355774,0.2963068187236786,0.002117455005645752,0.28801262378692627
D_22,F,23,0.7003108263015747,0.22893446683883667,0.002653062343597412,0.2798210382461548
D_22,G,23,0.636905312538147,0.23022054135799408,0.002192378044128418,0.27152323722839355
D_22,H,23,0.5697463154792786,0.22885172069072723,0.0017520785331726074,0.2831718325614929
D_22,I,23,0.6962193846702576,0.2577493190765381,0.002621293067932129,0.27887678146362305
D_22,K,23,0.734988272190094,0.26515504717826843,0.0029222965240478516,0.27794063091278076
D_22,L,23,0.7925550937652588,0.2989039421081543,0.003402531147003174,0.2788732051849365
D_22,M,23,0.7306227087974548,0.27724072337150574,0.0028897523880004883,0.28254878520965576
D_22,N,23,0.5384118556976318,0.25509148836135864,0.0015618205070495605,0.2812931537628174
D_22,P,23,0.589539110660553,0.20057381689548492,0.0018754005432128906,0.2718961834907532
D_22,Q,23,0.71950763463974,0.31285953521728516,0.002799391746520996,0.29811251163482666
D_22,R,23,0.7602919340133667,0.28639787435531616,0.0031288862228393555,0.2794837951660156
D_22,S,23,0.751483678817749,0.3003906011581421,0.003055870532989502,0.2751154899597168
D_22,T,23,0.8453212380409241,0.321120023727417,0.0038707852363586426,0.281291127204895
D_22,V,23,0.7931837439537048,0.29046308994293213,0.0034062862396240234,0.2752760052680969
D_22,W,23,0.5970967411994934,0.20799879729747772,0.0019242167472839355,0.2765803933143616
D_22,Y,23,0.6435713171958923,0.22274236381053925,0.0022379159927368164,0.28016334772109985
F_23,A,24,0.7931314706802368,0.2572995722293854,0.0034059882164001465,0.2563084363937378
F_23,C,24,0.6044877767562866,0.20720738172531128,0.001972973346710205,0.2642342448234558
F_23,D,24,0.7241005301475525,0.24358312785625458,0.002835869789123535,0.2540304660797119
F_23,E,24,0.8625242114067078,0.2716294527053833,0.00403141975402832,0.2584049105644226
F_23,F,24,0.0,0.0,-1.2874603271484375e-05,0.2745434045791626
F_23,G,24,0.7406439781188965,0.22398370504379272,0.0029687881469726562,0.2606181502342224
F_23,H,24,0.5575781464576721,0.22143720090389252,0.0016759634017944336,0.26261794567108154
F_23,I,24,0.7145002484321594,0.2728694975376129,0.0027611851692199707,0.2666398286819458
F_23,K,24,0.8165923953056335,0.2600938379764557,0.0036110877990722656,0.2617718577384949
F_23,L,24,0.624929666519165,0.2654140889644623,0.002109825611114502,0.27183103561401367
F_23,M,24,0.6282280087471008,0.26307234168052673,0.002132117748260498,0.26806414127349854
F_23,N,24,0.6624138951301575,0.24647869169712067,0.0023716092109680176,0.26847875118255615
F_23,P,24,0.6821797490119934,0.21080715954303741,0.0025159716606140137,0.25875091552734375
F_23,Q,24,0.7633283138275146,0.2635260820388794,0.003154277801513672,0.2575673460960388
F_23,R,24,0.8672954440116882,0.27739548683166504,0.004075467586517334,0.2577601671218872
F_23,S,24,0.7184855937957764,0.2672419846057892,0.002793550491333008,0.26000165939331055
F_23,T,24,0.7627711296081543,0.2782886326313019,0.0031479597091674805,0.26502156257629395
F_23,V,24,0.7318121790885925,0.28391870856285095,0.0028995275497436523,0.26335567235946655
F_23,W,24,0.5829090476036072,0.21565572917461395,0.0018337368965148926,0.2631644010543823
F_23,Y,24,0.362460732460022,0.20252491533756256,0.0007023811340332031,0.2599431276321411
I_24,A,25,0.8766254782676697,0.37314724922180176,0.0041637420654296875,0.31991589069366455
I_24,C,25,0.6846603751182556,0.30630630254745483,0.002534627914428711,0.3214309811592102
I_24,D,25,0.5653620362281799,0.23802658915519714,0.0017247200012207031,0.3015250563621521
I_24,E,25,0.5799137353897095,0.2417023479938507,0.0018158555030822754,0.30344146490097046
I_24,F,25,0.984191358089447,0.3978543281555176,0.005251288414001465,0.3124650716781616
I_24,G,25,0.6589574217796326,0.2698269784450531,0.0023461580276489258,0.3190392255783081
I_24,H,25,0.5584629774093628,0.24831071496009827,0.001681983470916748,0.30762767791748047
I_24,I,25,0.0,0.0,-1.2874603271484375e-05,0.2961037755012512
I_24,K,25,0.5192245841026306,0.23240143060684204,0.0014511942863464355,0.30375075340270996
I_24,L,25,0.7438535094261169,0.3709394931793213,0.0029928088188171387,0.3140680193901062
I_24,M,25,0.6616278290748596,0.3506372272968292,0.00236666202545166,0.3211589455604553
I_24,N,25,0.5147351622581482,0.23150072991847992,0.0014264583587646484,0.298889696598053
I_24,P,25,0.5848179459571838,0.23590198159217834,0.0018439888954162598,0.30562788248062134
I_24,Q,25,0.5819600820541382,0.2588626444339752,0.0018287897109985352,0.3024698495864868
I_24,R,25,0.5897265076637268,0.2514079213142395,0.0018772482872009277,0.30518805980682373
I_24,S,25,0.6101100444793701,0.2654726505279541,0.002009272575378418,0.3035866618156433
I_24,T,25,0.5001450777053833,0.23973634839057922,0.0013475418090820312,0.3046379089355469
I_24,V,25,0.5252843499183655,0.3182700276374817,0.0014867782592773438,0.2902405261993408
I_24,W,25,0.5909011363983154,0.23516511917114258,0.0018845796585083008,0.3113522529602051
I_24,Y,25,0.9554508924484253,0.3505093455314636,0.0049495697021484375,0.3148614764213562
H_25,A,26,0.5508970022201538,0.2597409188747406,0.0016358494758605957,0.3280080556869507
H_25,C,26,0.43027937412261963,0.20254747569561005,0.0009925365447998047,0.3231756091117859
H_25,D,26,0.6156189441680908,0.2538025677204132,0.0020479559898376465,0.3347786068916321
H_25,E,26,0.6534653306007385,0.24884922802448273,0.002308666706085205,0.3360706567764282
H_25,F,26,0.5678387880325317,0.2272167205810547,0.00174027681350708,0.32294464111328125
H_25,G,26,0.6201959848403931,0.2534448802471161,0.0020780563354492188,0.3308601379394531
H_25,H,26,0.0,0.0,-1.2874603271484375e-05,0.32299429178237915
H_25,I,26,0.6168232560157776,0.2578580677509308,0.002054750919342041,0.31568342447280884
H_25,K,26,0.5313333868980408,0.22552089393138885,0.0015223026275634766,0.3310304284095764
H_25,L,26,0.6122806668281555,0.2485916018486023,0.002024412155151367,0.33036530017852783
H_25,M,26,0.501301646232605,0.23720307648181915,0.001353442668914795,0.33233946561813354
H_25,N,26,0.4442245066165924,0.21701949834823608,0.001059114933013916,0.3300238847732544
H_25,P,26,0.5432884693145752,0.1758963167667389,0.0015925765037536621,0.3211435079574585
H_25,Q,26,0.4370015561580658,0.21687045693397522,0.0010254383087158203,0.329373836517334
H_25,R,26,0.5276299715042114,0.2370871752500534,0.0015009641647338867,0.3276452422142029
H_25,S,26,0.489847868680954,0.2422976791858673,0.0012906193733215332,0.31625932455062866
H_25,T,26,0.5254012942314148,0.24523529410362244,0.0014871954917907715,0.3211178779602051
H_25,V,26,0.6150712370872498,0.25388801097869873,0.0020416975021362305,0.3284912109375
H_25,W,26,0.45551878213882446,0.17152206599712372,0.0011150240898132324,0.3265204429626465
H_25,Y,26,0.5445699095726013,0.21009384095668793,0.0015981197357177734,0.3249901533126831
V_26,A,27,0.7575289607048035,0.2983425259590149,0.0031054019927978516,0.25499844551086426
V_26,C,27,0.6093810200691223,0.2563733458518982,0.002004265785217285,0.259476900100708
V_26,D,27,0.6556698679924011,0.23802083730697632,0.0023238062858581543,0.23907411098480225
V_26,E,27,0.6476812958717346,0.2327927052974701,0.002268493175506592,0.2533212900161743
V_26,F,27,0.8313035368919373,0.32333889603614807,0.003741621971130371,0.25316011905670166
V_26,G,27,0.8337100148200989,0.28390899300575256,0.0037653446197509766,0.25826841592788696
V_26,H,27,0.5764239430427551,0.22462470829486847,0.0017934441566467285,0.24451220035552979
V_26,I,27,0.38843613862991333,0.23740078508853912,0.000808417797088623,0.255252480506897
V_26,K,27,0.6363522410392761,0.23754006624221802,0.002188444137573242,0.24829602241516113
V_26,L,27,0.7113410234451294,0.33231332898139954,0.0027373433113098145,0.2763999104499817
V_26,M,27,0.5518213510513306,0.277497798204422,0.0016427040100097656,0.25320547819137573
V_26,N,27,0.6132751703262329,0.23997437953948975,0.002030313014984131,0.23477619886398315
V_26,P,27,0.613882839679718,0.21734225749969482,0.002035975456237793,0.2528645396232605
V_26,Q,27,0.6290027499198914,0.2428993135690689,0.0021386146545410156,0.24856537580490112
V_26,R,27,0.6845486164093018,0.2549053430557251,0.0025344491004943848,0.2458171248435974
V_26,S,27,0.7129427194595337,0.270720511674881,0.0027489662170410156,0.24562495946884155
V_26,T,27,0.5968573689460754,0.25435981154441833,0.0019221901893615723,0.2466086745262146
V_26,V,27,0.0,0.0,-1.2874603271484375e-05,0.24604010581970215
V_26,W,27,0.6234672665596008,0.2026142030954361,0.0021008849143981934,0.2387179136276245
V_26,Y,27,0.8490447998046875,0.29312941431999207,0.0039057135581970215,0.2506287693977356
M_27,A,28,0.5755730867385864,0.2542271614074707,0.0017864108085632324,0.23190313577651978
M_27,C,28,0.4951160252094269,0.2226255238056183,0.0013204216957092285,0.23101264238357544
M_27,D,28,0.6506920456886292,0.24559365212917328,0.0022881627082824707,0.23061054944992065
M_27,E,28,0.6556588411331177,0.26092666387557983,0.002322971820831299,0.23369532823562622
M_27,F,28,0.639994740486145,0.2561369240283966,0.0022140145301818848,0.24831342697143555
M_27,G,28,0.6800633668899536,0.26826179027557373,0.0025004148483276367,0.22879528999328613
M_27,H,28,0.5136106610298157,0.23640012741088867,0.0014210343360900879,0.2406233549118042
M_27,I,28,0.45893150568008423,0.2642589807510376,0.0011309385299682617,0.22982847690582275
M_27,K,28,0.6516381502151489,0.2516864538192749,0.00229489803314209,0.23649007081985474
M_27,L,28,0.4566405713558197,0.2714281380176544,0.0011220574378967285,0.24577683210372925
M_27,M,28,0.0,0.0,-1.2874603271484375e-05,0.23809146881103516
M_27,N,28,0.5829269289970398,0.24852949380874634,0.0018346309661865234,0.23436802625656128
M_27,P,28,0.6218039393424988,0.23016788065433502,0.0020891427993774414,0.22625261545181274
M_27,Q,28,0.5206300616264343,0.24123087525367737,0.0014615654945373535,0.2330937385559082
M_27,R,28,0.7047874331474304,0.26134422421455383,0.0026875734329223633,0.23802882432937622
M_27,S,28,0.5497335195541382,0.24944326281547546,0.0016301870346069336,0.23015838861465454
M_27,T,28,0.5215927362442017,0.26323238015174866,0.0014661550521850586,0.23793959617614746
M_27,V,28,0.45434150099754333,0.2657199203968048,0.0011100172996520996,0.20598697662353516
M_27,W,28,0.5143194794654846,0.18703964352607727,0.0014257431030273438,0.22579365968704224
M_27,Y,28,0.692946195602417,0.25887301564216614,0.0025957226753234863,0.2492694854736328
D_28,A,29,0.8073096871376038,0.33671656250953674,0.003529071807861328,0.24802684783935547
D_28,C,29,0.6572721004486084,0.2646755278110504,0.0023338794708251953,0.2538180351257324
D_28,D,29,0.0,0.0,-1.2874603271484375e-05,0.2827834486961365
D_28,E,29,0.6501154899597168,0.29815298318862915,0.0022847652435302734,0.24746865034103394
D_28,F,29,0.8590443134307861,0.29193276166915894,0.003997206687927246,0.24732178449630737
D_28,G,29,0.8448341488838196,0.35470348596572876,0.00386655330657959,0.2577363848686218
D_28,H,29,0.708571195602417,0.2962845265865326,0.002715170383453369,0.2568349242210388
D_28,I,29,0.7610254287719727,0.27714672684669495,0.0031345486640930176,0.2520865201950073
D_28,K,29,0.8737806677818298,0.33102500438690186,0.004135251045227051,0.2474542260169983
D_28,L,29,0.8523867130279541,0.28926631808280945,0.003935456275939941,0.25334447622299194
D_28,M,29,0.7196851968765259,0.27752116322517395,0.002799808979034424,0.23727238178253174
D_28,N,29,0.5779469013214111,0.2748008668422699,0.0018016695976257324,0.2747631072998047
D_28,P,29,0.7569078803062439,0.2917679250240326,0.0031017661094665527,0.259202241897583
D_28,Q,29,0.7843620777130127,0.3195289969444275,0.0033305883407592773,0.24037432670593262
D_28,R,29,0.9504863023757935,0.3407837152481079,0.004897356033325195,0.24858468770980835
D_28,S,29,0.7537006139755249,0.31585243344306946,0.003074347972869873,0.258048415184021
D_28,T,29,0.7885129451751709,0.32430869340896606,0.0033655762672424316,0.251273512840271
D_28,V,29,0.8297638893127441,0.3109898865222931,0.003727734088897705,0.25295233726501465
D_28,W,29,0.6985592246055603,0.2414783090353012,0.0026390552520751953,0.24854284524917603
D_28,Y,29,0.8541584610939026,0.30228060483932495,0.003953337669372559,0.24847131967544556
N_29,A,30,0.49321478605270386,0.26617294549942017,0.001308441162109375,0.29615914821624756
N_29,C,30,0.49152126908302307,0.2565642297267914,0.0012995004653930664,0.2974926829338074
N_29,D,30,0.4869743585586548,0.24994640052318573,0.0012758970260620117,0.2744610905647278
N_29,E,30,0.6269087195396423,0.2880820035934448,0.002123594284057617,0.28049540519714355
N_29,F,30,0.6794372200965881,0.2694030702114105,0.002495884895324707,0.29326462745666504
N_29,G,30,0.5427597165107727,0.28946471214294434,0.0015884637832641602,0.30070942640304565
N_29,H,30,0.4044853448867798,0.22905229032039642,0.0008749961853027344,0.29321759939193726
N_29,I,30,0.6110537648200989,0.2746233344078064,0.0020166635513305664,0.2922453284263611
N_29,K,30,0.6651315689086914,0.27959463000297546,0.0023925304412841797,0.2947242259979248
N_29,L,30,0.682366132736206,0.2988230288028717,0.002517521381378174,0.295906662940979
N_29,M,30,0.5239701271057129,0.25544777512550354,0.001478433609008789,0.2912446856498718
N_29,N,30,0.0,0.0,-1.2874603271484375e-05,0.299565851688385
N_29,P,30,0.616176187992096,0.2787102162837982,0.0020495057106018066,0.28891849517822266
N_29,Q,30,0.5053490400314331,0.27024343609809875,0.0013750195503234863,0.29468756914138794
N_29,R,30,0.6348159909248352,0.2796119451522827,0.002177000045776367,0.2928367257118225
N_29,S,30,0.4336513876914978,0.2590397894382477,0.0010079741477966309,0.2936612367630005
N_29,T,30,0.532599925994873,0.30490103363990784,0.0015294551849365234,0.31298571825027466
N_29,V,30,0.6254427433013916,0.28541499376296997,0.00211411714553833,0.301525354385376
N_29,W,30,0.5618188977241516,0.2278909534215927,0.001701653003692627,0.29252713918685913
N_29,Y,30,0.6237668991088867,0.26791149377822876,0.0020993947982788086,0.2989240884780884
S_30,A,31,0.47230756282806396,0.29187431931495667,0.0011999011039733887,0.3054186701774597
S_30,C,31,0.48283201456069946,0.2558515965938568,0.001252889633178711,0.3026936650276184
S_30,D,31,0.6341203451156616,0.30095401406288147,0.0021716952323913574,0.29129427671432495
S_30,E,31,0.6518922448158264,0.29760080575942993,0.0022965669631958008,0.29058152437210083
S_30,F,31,0.7853830456733704,0.28901100158691406,0.0033401846885681152,0.2954498529434204
S_30,G,31,0.5916027426719666,0.30790066719055176,0.0018885135650634766,0.3110519051551819
S_30,H,31,0.6234440803527832,0.30852195620536804,0.0020996928215026855,0.2913776636123657
S_30,I,31,0.7514756917953491,0.3244791030883789,0.003056645393371582,0.30388331413269043
S_30,K,31,0.5914270877838135,0.28212490677833557,0.0018898248672485352,0.30030912160873413
S_30,L,31,0.7699471712112427,0.3307703733444214,0.0032095909118652344,0.3010789155960083
S_30,M,31,0.5874917507171631,0.278543084859848,0.0018636584281921387,0.29288095235824585
S_30,N,31,0.4881231486797333,0.265754371881485,0.0012814998626708984,0.275299608707428
S_30,P,31,0.6613274216651917,0.2851681709289551,0.002364516258239746,0.31271886825561523
S_30,Q,31,0.5811106562614441,0.2880017161369324,0.00182342529296875,0.29175108671188354
S_30,R,31,0.5923799872398376,0.286935418844223,0.001894831657409668,0.3060947060585022
S_30,S,31,0.0,0.0,-1.2874603271484375e-05,0.3146238923072815
S_30,T,31,0.3851412236690521,0.26810866594314575,0.0007942318916320801,0.30784231424331665
S_30,V,31,0.7652567028999329,0.35153529047966003,0.003169536590576172,0.3019087314605713
S_30,W,31,0.6070452928543091,0.23565788567066193,0.0019901394844055176,0.290708065032959
S_30,Y,31,0.7271331548690796,0.28799259662628174,0.0028609633445739746,0.29615652561187744
D_31,A,32,0.871248722076416,0.3487819731235504,0.0041120052337646484,0.2813258171081543
D_31,C,32,0.7082436680793762,0.2791220545768738,0.002715587615966797,0.2815019488334656
D_31,D,32,0.0,0.0,-1.2874603271484375e-05,0.30508655309677124
D_31,E,32,0.6247333288192749,0.2922006845474243,0.002106964588165283,0.30101823806762695
D_31,F,32,0.9132342338562012,0.3194444477558136,0.0045195817947387695,0.2831609845161438
D_31,G,32,0.8708993792533875,0.3642304837703705,0.004110097885131836,0.28149157762527466
D_31,H,32,0.7674190402030945,0.309646874666214,0.0031876564025878906,0.2899854779243469
D_31,I,32,0.8689093589782715,0.3262011706829071,0.004090785980224609,0.2823137044906616
D_31,K,32,0.8423026204109192,0.31626662611961365,0.003843367099761963,0.28315871953964233
D_31,L,32,0.9769978523254395,0.341998428106308,0.00517505407333374,0.28410446643829346
D_31,M,32,0.7726808190345764,0.2980228364467621,0.0032317638397216797,0.2789902687072754
D_31,N,32,0.683536946773529,0.31056079268455505,0.0025266408920288086,0.290138304233551
D_31,P,32,0.9522504210472107,0.3510077893733978,0.004914522171020508,0.26791703701019287
D_31,Q,32,0.7598636150360107,0.30571800470352173,0.003125786781311035,0.28598976135253906
D_31,R,32,0.9019680023193359,0.3377331495285034,0.004408419132232666,0.2886981964111328
D_31,S,32,0.8280702233314514,0.33355027437210083,0.0037127137184143066,0.25899624824523926
D_31,T,32,0.8870336413383484,0.35894158482551575,0.004261314868927002,0.28311049938201904
D_31,V,32,0.9242151379585266,0.3383931815624237,0.004629671573638916,0.2809267044067383
D_31,W,32,0.6776698231697083,0.24139538407325745,0.0024816393852233887,0.28709524869918823
D_31,Y,32,0.7857736945152283,0.287101149559021,0.0033415555953979492,0.29306209087371826
P_32,A,33,0.5456648468971252,0.2580483555793762,0.0016058087348937988,0.27181780338287354
P_32,C,33,0.6112460494041443,0.2448308765888214,0.002017199993133545,0.2664068937301636
P_32,D,33,0.7537972927093506,0.2973581552505493,0.0030748844146728516,0.24492520093917847
P_32,E,33,0.6625248789787292,0.27284830808639526,0.002372920513153076,0.2701568603515625
P_32,F,33,0.7074961066246033,0.24764303863048553,0.002706170082092285,0.2727488875389099
P_32,G,33,0.8263937830924988,0.3178240954875946,0.003700077533721924,0.2861403822898865
P_32,H,33,0.6108489632606506,0.251819372177124,0.002015352249145508,0.2736538052558899
P_32,I,33,0.6184539198875427,0.25361812114715576,0.002064824104309082,0.26977503299713135
P_32,K,33,0.6769284605979919,0.257485032081604,0.002476215362548828,0.26753050088882446
P_32,L,33,0.6453378796577454,0.2674136757850647,0.0022505521774291992,0.2702564597129822
P_32,M,33,0.606020450592041,0.24822735786437988,0.0019834041595458984,0.27293527126312256
P_32,N,33,0.7368606925010681,0.30256086587905884,0.0029377341270446777,0.2855856418609619
P_32,P,33,0.0,0.0,-1.2874603271484375e-05,0.26902151107788086
P_32,Q,33,0.595417320728302,0.26329463720321655,0.0019150972366333008,0.273421049118042
P_32,R,33,0.6731250286102295,0.27231448888778687,0.002448856830596924,0.28314512968063354
P_32,S,33,0.6018228530883789,0.26687756180763245,0.0019559264183044434,0.2672416567802429
P_32,T,33,0.6047326326370239,0.2630480229854584,0.0019745826721191406,0.2737559676170349
P_32,V,33,0.5990356802940369,0.2521935999393463,0.0019378662109375,0.2728309631347656
P_32,W,33,0.6827017664909363,0.2175811231136322,0.0025209784507751465,0.2619975805282593
P_32,Y,33,0.6933966875076294,0.2564905881881714,0.0025995969772338867,0.2707347273826599
N_33,A,34,0.5669083595275879,0.2898622453212738,0.001732468605041504,0.24323397874832153
N_33,C,34,0.5637195110321045,0.2576355040073395,0.0017144083976745605,0.24188220500946045
N_33,D,34,0.5563662052154541,0.26454073190689087,0.0016679167747497559,0.24805587530136108
N_33,E,34,0.6445216536521912,0.30068039894104004,0.0022463202476501465,0.24700868129730225
N_33,F,34,0.6681246757507324,0.26248833537101746,0.0024138689041137695,0.24781405925750732
N_33,G,34,0.7895406484603882,0.322761595249176,0.0033754706382751465,0.23987329006195068
N_33,H,34,0.4837585389614105,0.23187747597694397,0.001259148120880127,0.24502521753311157
N_33,I,34,0.613312304019928,0.27537113428115845,0.0020314455032348633,0.23942917585372925
N_33,K,34,0.6522231101989746,0.2893347442150116,0.002299666404724121,0.23276734352111816
N_33,L,34,0.7047761678695679,0.28049322962760925,0.002687990665435791,0.2505107522010803
N_33,M,34,0.5099584460258484,0.24673737585544586,0.0014000535011291504,0.23514032363891602
N_33,N,34,0.0,0.0,-1.2874603271484375e-05,0.2578318119049072
N_33,P,34,0.7092159390449524,0.2878645062446594,0.0027201175689697266,0.22466319799423218
N_33,Q,34,0.5332087874412537,0.268336683511734,0.0015310049057006836,0.23558634519577026
N_33,R,34,0.6853044033050537,0.28984588384628296,0.0025385022163391113,0.24620729684829712
N_33,S,34,0.5026335120201111,0.2767174243927002,0.0013614296913146973,0.2422458529472351
N_33,T,34,0.5077276825904846,0.27256956696510315,0.0013883113861083984,0.24184846878051758
N_33,V,34,0.6544902920722961,0.2987087666988373,0.002315223217010498,0.23910391330718994
N_33,W,34,0.6209952235221863,0.24271264672279358,0.0020838379859924316,0.22944295406341553
N_33,Y,34,0.5738251805305481,0.2274656891822815,0.0017767548561096191,0.24483102560043335
W_34,A,35,0.8176704049110413,0.24358588457107544,0.003620743751525879,0.31142622232437134
W_34,C,35,0.6438482403755188,0.20284222066402435,0.0022406578063964844,0.3030603528022766
W_34,D,35,0.7070482969284058,0.17597898840904236,0.0027051568031311035,0.3022199273109436
W_34,E,35,0.6850948929786682,0.18108193576335907,0.00253981351852417,0.3015592098236084
W_34,F,35,0.8611252903938293,0.28181561827659607,0.004018187522888184,0.2938305735588074
W_34,G,35,0.786967396736145,0.21443846821784973,0.003353893756866455,0.29978495836257935
W_34,H,35,0.6753408908843994,0.19300442934036255,0.002466142177581787,0.2966617941856384
W_34,I,35,0.8131117820739746,0.22155416011810303,0.0035802721977233887,0.31063777208328247
W_34,K,35,0.7051767706871033,0.18997852504253387,0.0026904940605163574,0.3017774820327759
W_34,L,35,0.8765416741371155,0.2766534388065338,0.0041626691818237305,0.3123708963394165
W_34,M,35,0.6568555235862732,0.22128894925117493,0.002332627773284912,0.30382853746414185
W_34,N,35,0.7091856598854065,0.19869378209114075,0.0027219057083129883,0.28743135929107666
W_34,P,35,0.7338629364967346,0.16569246351718903,0.002914607524871826,0.30274534225463867
W_34,Q,35,0.685061514377594,0.20026762783527374,0.002537846565246582,0.30104660987854004
W_34,R,35,0.7592278718948364,0.23226886987686157,0.0031201839447021484,0.30134832859039307
W_34,S,35,0.6968371868133545,0.21701456606388092,0.0026284456253051758,0.30371373891830444
W_34,T,35,0.7442147731781006,0.22969716787338257,0.0029976963996887207,0.3123300075531006
W_34,V,35,0.8638922572135925,0.23989474773406982,0.004043281078338623,0.30853307247161865
W_34,W,35,0.0,0.0,-1.2874603271484375e-05,0.2936254143714905
W_34,Y,35,0.8210496306419373,0.2858702838420868,0.003650844097137451,0.2974476218223572
W_35,A,36,1.3247506618499756,0.35158243775367737,0.009524166584014893,0.25284385681152344
W_35,C,36,0.8563596606254578,0.21566718816757202,0.003972232341766357,0.23733371496200562
W_35,D,36,0.7614412903785706,0.20323120057582855,0.0031371712684631348,0.23430722951889038
W_35,E,36,0.7165071964263916,0.17379190027713776,0.0027769804000854492,0.2284458875656128
W_35,F,36,1.1840157508850098,0.3376133441925049,0.007606565952301025,0.24040520191192627
W_35,G,36,0.8489938378334045,0.23282161355018616,0.00390470027923584,0.2382878065109253
W_35,H,36,0.8729369044303894,0.2425781935453415,0.0041291117668151855,0.2370184063911438
W_35,I,36,1.2595032453536987,0.3222752809524536,0.008609294891357422,0.2489175796508789
W_35,K,36,0.7684593796730042,0.21370168030261993,0.003196120262145996,0.23326772451400757
W_35,L,36,1.2935335636138916,0.33365797996520996,0.009081900119781494,0.24852466583251953
W_35,M,36,1.0052536725997925,0.27204662561416626,0.005479156970977783,0.2405991554260254
W_35,N,36,0.7905901074409485,0.22081373631954193,0.0033857226371765137,0.23045998811721802
W_35,P,36,0.8041064739227295,0.2158121019601822,0.0035023093223571777,0.24008774757385254
W_35,Q,36,0.7484701871871948,0.20439648628234863,0.003031611442565918,0.23409652709960938
W_35,R,36,0.7473487257957458,0.2072807401418686,0.0030213594436645508,0.22392451763153076
W_35,S,36,0.9294641613960266,0.26400116086006165,0.004682302474975586,0.24657762050628662
W_35,T,36,0.9546060562133789,0.2681341767311096,0.004940509796142578,0.2506229281425476
W_35,V,36,1.2996364831924438,0.3415268361568451,0.00916677713394165,0.24592852592468262
W_35,W,36,0.0,0.0,-1.2874603271484375e-05,0.20518678426742554
W_35,Y,36,1.1773617267608643,0.3246290981769562,0.007521510124206543,0.24475157260894775
K_36,A,37,0.7130269408226013,0.30741778016090393,0.0027502775192260742,0.26986032724380493
K_36,C,37,0.6530905365943909,0.2680669128894806,0.002303898334503174,0.2651234269142151
K_36,D,37,0.7294544577598572,0.27933385968208313,0.0028804540634155273,0.25471991300582886
K_36,E,37,0.7558799982070923,0.27643534541130066,0.003092944622039795,0.26287150382995605
K_36,F,37,0.8660742044448853,0.3011631667613983,0.0040628910064697266,0.27064210176467896
K_36,G,37,0.7530087828636169,0.2917596399784088,0.0030684471130371094,0.2697871923446655
K_36,H,37,0.5425833463668823,0.24591787159442902,0.0015865564346313477,0.2615783214569092
K_36,I,37,0.7415653467178345,0.2964169681072235,0.002976357936859131,0.26204097270965576
K_36,K,37,0.0,0.0,-1.2874603271484375e-05,0.26680487394332886
K_36,L,37,0.770520806312561,0.32072633504867554,0.0032137632369995117,0.26735037565231323
K_36,M,37,0.5999473333358765,0.2498222440481186,0.0019440650939941406,0.26204413175582886
K_36,N,37,0.6148588061332703,0.26691940426826477,0.0020408034324645996,0.2558586597442627
K_36,P,37,0.5912092924118042,0.21118199825286865,0.0018876194953918457,0.24521863460540771
K_36,Q,37,0.4833291471004486,0.23631465435028076,0.0012573599815368652,0.2547450661659241
K_36,R,37,0.42338427901268005,0.2366996854543686,0.0009602904319763184,0.267559289932251
K_36,S,37,0.6561204791069031,0.29796770215034485,0.0023276805877685547,0.2512841820716858
K_36,T,37,0.6641810536384583,0.2883702218532562,0.0023841261863708496,0.2616381049156189
K_36,V,37,0.7501823306083679,0.30407461524009705,0.0030460357666015625,0.2683532238006592
K_36,W,37,0.7230730056762695,0.2570730447769165,0.0028281211853027344,0.24859315156936646
K_36,Y,37,0.8197507858276367,0.28024381399154663,0.003640472888946533,0.27736079692840576
G_37,A,38,1.0759671926498413,0.3507436215877533,0.006278097629547119,0.38037317991256714
G_37,C,38,0.9513091444969177,0.25683295726776123,0.004906296730041504,0.3630908727645874
G_37,D,38,0.6776190996170044,0.20603010058403015,0.0024826526641845703,0.35503923892974854
G_37,E,38,0.6429771780967712,0.18020007014274597,0.002234220504760742,0.3518667221069336
G_37,F,38,1.046751856803894,0.25849026441574097,0.005943119525909424,0.3475188612937927
G_37,G,38,0.0,0.0,-1.2874603271484375e-05,0.3427329659461975
G_37,H,38,0.7002227306365967,0.17616814374923706,0.0026505589485168457,0.34642279148101807
G_37,I,38,1.1994202136993408,0.2898023724555969,0.007803976535797119,0.3424082398414612
G_37,K,38,0.7120399475097656,0.17938309907913208,0.0027413368225097656,0.3412184715270996
G_37,L,38,1.0685124397277832,0.26636791229248047,0.006193280220031738,0.35129135847091675
G_37,M,38,0.8202439546585083,0.19453322887420654,0.003644406795501709,0.3480624556541443
G_37,N,38,0.7528588771820068,0.19346201419830322,0.0030670762062072754,0.3506525158882141
G_37,P,38,0.7318575978279114,0.17409080266952515,0.002898275852203369,0.3470621109008789
G_37,Q,38,0.7172946929931641,0.18141408264636993,0.002782881259918213,0.34703075885772705
G_37,R,38,0.6778042912483215,0.18002957105636597,0.0024840235710144043,0.3477042317390442
G_37,S,38,0.7627595663070679,0.24841783940792084,0.0031498074531555176,0.37091654539108276
G_37,T,38,0.8656780123710632,0.2643711566925049,0.004061102867126465,0.36770933866500854
G_37,V,38,1.2242071628570557,0.3300444781780243,0.008131206035614014,0.3555721044540405
G_37,W,38,0.6427589058876038,0.15337885916233063,0.002233147621154785,0.34388625621795654
G_37,Y,38,0.7898110747337341,0.18203960359096527,0.003377377986907959,0.3488497734069824
A_38,A,39,0.0,0.0,-1.2874603271484375e-05,0.35562217235565186
A_38,C,39,0.4484950304031372,0.24057091772556305,0.0010808110237121582,0.35141903162002563
A_38,D,39,0.6393107175827026,0.28731560707092285,0.002208709716796875,0.3623165488243103
A_38,E,39,0.6342949867248535,0.28284573554992676,0.002173900604248047,0.36627817153930664
A_38,F,39,0.6565618515014648,0.2581486999988556,0.0023296475410461426,0.36086374521255493
A_38,G,39,0.4667110741138458,0.23578695952892303,0.0011709928512573242,0.3401477336883545
A_38,H,39,0.535497784614563,0.2614719867706299,0.0015450119972229004,0.3598136305809021
A_38,I,39,0.5706881284713745,0.2685874402523041,0.001759171485900879,0.35445547103881836
A_38,K,39,0.6120923757553101,0.26686593890190125,0.002024412155151367,0.36095696687698364
A_38,L,39,0.5928055644035339,0.2812806963920593,0.0018970966339111328,0.36322927474975586
A_38,M,39,0.49381309747695923,0.2561250329017639,0.0013120174407958984,0.36722439527511597
A_38,N,39,0.5766035914421082,0.2773945927619934,0.0017941594123840332,0.35880887508392334
A_38,P,39,0.46622538566589355,0.21032936871051788,0.0011673569679260254,0.3470933437347412
A_38,Q,39,0.533928632736206,0.2833782732486725,0.0015358924865722656,0.36469948291778564
A_38,R,39,0.6884259581565857,0.30102261900901794,0.002562403678894043,0.3633025884628296
A_38,S,39,0.42561206221580505,0.25805121660232544,0.0009725689888000488,0.3562481999397278
A_38,T,39,0.5177955031394958,0.2839616537094116,0.0014458298683166504,0.358081579208374
A_38,V,39,0.5354707837104797,0.26890429854393005,0.001545250415802002,0.3571755290031433
A_38,W,39,0.5952123403549194,0.22178462147712708,0.0019137859344482422,0.35243505239486694
A_38,Y,39,0.6681286692619324,0.26394203305244446,0.0024155378341674805,0.36708515882492065
C_39,A,40,0.515295147895813,0.28408941626548767,0.001431107521057129,0.22386693954467773
C_39,C,40,0.0,0.0,-1.2874603271484375e-05,0.2624305486679077
C_39,D,40,0.5845656394958496,0.2601049542427063,0.001843869686126709,0.24202370643615723
C_39,E,40,0.6165574789047241,0.26613691449165344,0.0020548105239868164,0.24853867292404175
C_39,F,40,0.6496877074241638,0.27182266116142273,0.0022809505462646484,0.2664263844490051
C_39,G,40,0.5438128709793091,0.24449579417705536,0.0015954375267028809,0.25456535816192627
C_39,H,40,0.4936586022377014,0.22123423218727112,0.0013117194175720215,0.260627806186676
C_39,I,40,0.6177274584770203,0.28036513924598694,0.00206148624420166,0.24892300367355347
C_39,K,40,0.7578680515289307,0.29580703377723694,0.003108501434326172,0.26543498039245605
C_39,L,40,0.6446122527122498,0.2859785556793213,0.002245306968688965,0.2653254270553589
C_39,M,40,0.5149373412132263,0.2606850564479828,0.0014279484748840332,0.2486444115638733
C_39,N,40,0.5498148798942566,0.2585628926753998,0.001629650592803955,0.26042622327804565
C_39,P,40,0.5170252919197083,0.20543670654296875,0.0014406442642211914,0.242958664894104
C_39,Q,40,0.5583746433258057,0.25668272376060486,0.0016831159591674805,0.252335786819458
C_39,R,40,0.6712333559989929,0.2825677692890167,0.002435147762298584,0.25408244132995605
C_39,S,40,0.4429590404033661,0.24484869837760925,0.00105363130569458,0.2602112889289856
C_39,T,40,0.5328706502914429,0.26655083894729614,0.0015300512313842773,0.25056254863739014
C_39,V,40,0.5779795050621033,0.2952762246131897,0.0018011927604675293,0.24470996856689453
C_39,W,40,0.532365620136261,0.19705569744110107,0.001528322696685791,0.25074225664138794
C_39,Y,40,0.6539912819862366,0.2650271952152252,0.0023110508918762207,0.25444555282592773
H_40,A,41,0.4862929880619049,0.26418453454971313,0.001272439956665039,0.29729706048965454
H_40,C,41,0.4000484347343445,0.20390684902668,0.000858306884765625,0.2822268605232239
H_40,D,41,0.5737361907958984,0.2689877152442932,0.0017772912979125977,0.29928481578826904
H_40,E,41,0.5664978623390198,0.24727700650691986,0.001731574535369873,0.30056774616241455
H_40,F,41,0.4565039575099945,0.20106622576713562,0.0011188387870788574,0.295579731464386
H_40,G,41,0.5801920890808105,0.2807271182537079,0.001815497875213623,0.292178213596344
H_40,H,41,0.0,0.0,-1.2874603271484375e-05,0.2962074875831604
H_40,I,41,0.5475199222564697,0.24316436052322388,0.0016164183616638184,0.2951725125312805
H_40,K,41,0.45461681485176086,0.23114070296287537,0.001110076904296875,0.2960625886917114
H_40,L,41,0.5535419583320618,0.2566564381122589,0.0016530156135559082,0.30494654178619385
H_40,M,41,0.4179441034793854,0.21923451125621796,0.0009369850158691406,0.3002665042877197
H_40,N,41,0.4852733016014099,0.2515277862548828,0.001267850399017334,0.3026244044303894
H_40,P,41,0.5225934386253357,0.18912044167518616,0.0014725923538208008,0.2872079014778137
H_40,Q,41,0.3726365566253662,0.2238842099905014,0.0007434487342834473,0.29473501443862915
H_40,R,41,0.4745669364929199,0.23523002862930298,0.0012119412422180176,0.3049280047416687
H_40,S,41,0.48861172795295715,0.2622678279876709,0.0012846589088439941,0.29038137197494507
H_40,T,41,0.5723501443862915,0.2682299315929413,0.001766800880432129,0.3002087473869324
H_40,V,41,0.5695695281028748,0.25796642899513245,0.001749277114868164,0.29982930421829224
H_40,W,41,0.4342297613620758,0.17017945647239685,0.0010113120079040527,0.28931838274002075
H_40,Y,41,0.4130966067314148,0.20370540022850037,0.0009140372276306152,0.2957271933555603
G_41,A,42,0.6544745564460754,0.3050290644168854,0.0023160576820373535,0.22750282287597656
G_41,C,42,0.5112007260322571,0.20440684258937836,0.0014081001281738281,0.2242555022239685
G_41,D,42,0.6470170617103577,0.2958676815032959,0.002262294292449951,0.23665189743041992
G_41,E,42,0.650883138179779,0.29379287362098694,0.0022889375686645508,0.23031103610992432
G_41,F,42,0.7546688318252563,0.2748010754585266,0.003081679344177246,0.2271254062652588
G_41,G,42,0.0,0.0,-1.2874603271484375e-05,0.2416743040084839
G_41,H,42,0.6551371216773987,0.26934584975242615,0.0023179054260253906,0.20481473207473755
G_41,I,42,0.6866355538368225,0.2759140133857727,0.0025492310523986816,0.22736549377441406
G_41,K,42,0.6662615537643433,0.29251131415367126,0.002400517463684082,0.22789347171783447
G_41,L,42,0.786253035068512,0.30640318989753723,0.0033472180366516113,0.23778140544891357
G_41,M,42,0.6255999803543091,0.2654430568218231,0.0021126270294189453,0.22739815711975098
G_41,N,42,0.5954387187957764,0.2824413776397705,0.0019130110740661621,0.2284867763519287
G_41,P,42,0.7318671345710754,0.25076547265052795,0.0028968453407287598,0.23207581043243408
G_41,Q,42,0.6415562033653259,0.28885090351104736,0.0022242069244384766,0.23036742210388184
G_41,R,42,0.6853822469711304,0.2809085547924042,0.00253903865814209,0.2314172387123108
G_41,S,42,0.6211903095245361,0.3024410307407379,0.002083301544189453,0.2346896529197693
G_41,T,42,0.7235619425773621,0.3178599774837494,0.0028319358825683594,0.2301647663116455
G_41,V,42,0.696323573589325,0.28833600878715515,0.002622246742248535,0.23313391208648682
G_41,W,42,0.5822209119796753,0.2054411917924881,0.0018292069435119629,0.2213660478591919
G_41,Y,42,0.7392855286598206,0.28147387504577637,0.002957284450531006,0.22918200492858887
Q_42,A,43,0.5099637508392334,0.24764086306095123,0.0013990998268127441,0.22886955738067627
Q_42,C,43,0.421273797750473,0.20147590339183807,0.0009510517120361328,0.22932183742523193
Q_42,D,43,0.5563846826553345,0.24485164880752563,0.0016688108444213867,0.22598469257354736
Q_42,E,43,0.4930974245071411,0.23425976932048798,0.001307368278503418,0.22316229343414307
Q_42,F,43,0.601809024810791,0.23536816239356995,0.001955389976501465,0.2288271188735962
Q_42,G,43,0.6836608052253723,0.2599485516548157,0.002526223659515381,0.19861984252929688
Q_42,H,43,0.3934757709503174,0.22645749151706696,0.0008276104927062988,0.2290196418762207
Q_42,I,43,0.5372973084449768,0.2505161464214325,0.0015552043914794922,0.23315900564193726
Q_42,K,43,0.49150609970092773,0.24237941205501556,0.001300215721130371,0.24334019422531128
Q_42,L,43,0.5495582818984985,0.2553902864456177,0.0016295909881591797,0.22731542587280273
Q_42,M,43,0.40574973821640015,0.21543650329113007,0.000881195068359375,0.2297404408454895
Q_42,N,43,0.43367546796798706,0.24135473370552063,0.0010083913803100586,0.23511123657226562
Q_42,P,43,0.5147083401679993,0.19089525938034058,0.001427769660949707,0.22229737043380737
Q_42,Q,43,0.0,0.0,-1.2874603271484375e-05,0.2314940094947815
Q_42,R,43,0.4805223047733307,0.24871374666690826,0.001242220401763916,0.2429574728012085
Q_42,S,43,0.47409436106681824,0.24993616342544556,0.0012072324752807617,0.22842228412628174
Q_42,T,43,0.46109509468078613,0.26098570227622986,0.0011428594589233398,0.23615288734436035
Q_42,V,43,0.5490683317184448,0.2590111792087555,0.001624763011932373,0.23341882228851318
Q_42,W,43,0.5307371020317078,0.19762246310710907,0.0015196800231933594,0.2249278426170349
Q_42,Y,43,0.601622998714447,0.23184455931186676,0.001954793930053711,0.22458600997924805
T_43,A,44,0.5121772885322571,0.30449479818344116,0.0014137029647827148,0.2202613353729248
T_43,C,44,0.4770856499671936,0.26986560225486755,0.0012241601943969727,0.21885156631469727
T_43,D,44,0.7075361013412476,0.31537601351737976,0.0027077794075012207,0.21361875534057617
T_43,E,44,0.6680299043655396,0.3189643919467926,0.0024124979972839355,0.2177215814590454
T_43,F,44,0.743853747844696,0.294628381729126,0.0029941797256469727,0.2123938798904419
T_43,G,44,0.7718208432197571,0.3118514120578766,0.0032247304916381836,0.21773266792297363
T_43,H,44,0.5424015522003174,0.2801712155342102,0.0015853643417358398,0.20754599571228027
T_43,I,44,0.6034777760505676,0.3070751428604126,0.00196683406829834,0.22212886810302734
T_43,K,44,0.6164591908454895,0.2945951521396637,0.002052128314971924,0.21227574348449707
T_43,L,44,0.6215859651565552,0.30099594593048096,0.0020882487297058105,0.2162979245185852
T_43,M,44,0.48346441984176636,0.27558717131614685,0.0012570619583129883,0.2086164951324463
T_43,N,44,0.5200996994972229,0.28552329540252686,0.0014570355415344238,0.21015632152557373
T_43,P,44,0.561203122138977,0.2774870991706848,0.0016983747482299805,0.21559792757034302
T_43,Q,44,0.5350886583328247,0.2881876826286316,0.0015441179275512695,0.18912458419799805
T_43,R,44,0.6333171725273132,0.30429595708847046,0.0021665096282958984,0.21078157424926758
T_43,S,44,0.4147806763648987,0.28756099939346313,0.0009219646453857422,0.21852445602416992
T_43,T,44,0.0,0.0,-1.2874603271484375e-05,0.22109723091125488
T_43,V,44,0.5316203236579895,0.3029274344444275,0.001523733139038086,0.22318929433822632
T_43,W,44,0.5468074679374695,0.23404991626739502,0.0016120076179504395,0.20071494579315186
T_43,Y,44,0.7568321824073792,0.3016599118709564,0.0030995607376098633,0.20745784044265747
G_44,A,45,0.7586151361465454,0.3333389461040497,0.003113985061645508,0.3170720934867859
G_44,C,45,0.601413369178772,0.2378852367401123,0.0019534826278686523,0.29921573400497437
G_44,D,45,0.5626686811447144,0.18326248228549957,0.001707911491394043,0.2755269408226013
G_44,E,45,0.6428309082984924,0.22956182062625885,0.0022318363189697266,0.28282368183135986
G_44,F,45,0.7856992483139038,0.23923350870609283,0.0033415555953979492,0.2836093306541443
G_44,G,45,0.0,0.0,-1.2874603271484375e-05,0.26479804515838623
G_44,H,45,0.5954770445823669,0.21227945387363434,0.001913607120513916,0.2921828031539917
G_44,I,45,0.6817353367805481,0.24115242063999176,0.002511739730834961,0.2807505130767822
G_44,K,45,0.5981652140617371,0.2070760726928711,0.0019303560256958008,0.2864266037940979
G_44,L,45,0.7616088390350342,0.25427931547164917,0.003139197826385498,0.28974562883377075
G_44,M,45,0.5380976796150208,0.17369146645069122,0.0015608668327331543,0.280767560005188
G_44,N,45,0.5629143714904785,0.2106403112411499,0.0017072558403015137,0.28522759675979614
G_44,P,45,0.5999190211296082,0.16453257203102112,0.0019434690475463867,0.2782963514328003
G_44,Q,45,0.5791202187538147,0.20412486791610718,0.0018109679222106934,0.28297340869903564
G_44,R,45,0.6608819365501404,0.25386855006217957,0.002360403537750244,0.2960805296897888
G_44,S,45,0.7451971173286438,0.29865017533302307,0.0030048489570617676,0.2949705123901367
G_44,T,45,0.7326677441596985,0.2627532482147217,0.0029053688049316406,0.2610393762588501
G_44,V,45,0.7375689148902893,0.25954559445381165,0.0029439926147460938,0.2785590887069702
G_44,W,45,0.5583912134170532,0.14738111197948456,0.0016810297966003418,0.27980655431747437
G_44,Y,45,0.7431463003158569,0.2327902764081955,0.002988755702972412,0.2885376811027527
M_45,A,46,0.5811630487442017,0.2926773428916931,0.0018231868743896484,0.32495254278182983
M_45,C,46,0.5053326487541199,0.24898725748062134,0.0013738274574279785,0.3321899175643921
M_45,D,46,0.5622919797897339,0.24871008098125458,0.0017055869102478027,0.32209867238998413
M_45,E,46,0.5769217014312744,0.27508988976478577,0.0017972588539123535,0.32326048612594604
M_45,F,46,0.6881646513938904,0.32515472173690796,0.0025609731674194336,0.3310067653656006
M_45,G,46,0.7069703936576843,0.2942827641963959,0.0027030110359191895,0.30388307571411133
M_45,H,46,0.5493856072425842,0.2828957736492157,0.001627206802368164,0.3235325217247009
M_45,I,46,0.4538631737232208,0.28319215774536133,0.0011061429977416992,0.3410221338272095
M_45,K,46,0.48030874133110046,0.23799723386764526,0.0012395977973937988,0.32629770040512085
M_45,L,46,0.4412743151187897,0.2866969108581543,0.0010451078414916992,0.32585686445236206
M_45,M,46,0.0,0.0,-1.2874603271484375e-05,0.3310486078262329
M_45,N,46,0.49883365631103516,0.27261942625045776,0.0013386011123657227,0.32837581634521484
M_45,P,46,0.5058517456054688,0.22168879210948944,0.001377701759338379,0.3139379024505615
M_45,Q,46,0.44490984082221985,0.26325154304504395,0.0010628700256347656,0.3249436020851135
M_45,R,46,0.6136181950569153,0.2959078252315521,0.002034306526184082,0.32672786712646484
M_45,S,46,0.5423778295516968,0.29327812790870667,0.0015862584114074707,0.3214018940925598
M_45,T,46,0.5148029327392578,0.2888167202472687,0.0014282464981079102,0.3178914189338684
M_45,V,46,0.4670790433883667,0.29158949851989746,0.0011725425720214844,0.33195388317108154
M_45,W,46,0.8933507204055786,0.28017884492874146,0.004324853420257568,0.32845109701156616
M_45,Y,46,0.772742748260498,0.32302412390708923,0.003232717514038086,0.32883691787719727
F_46,A,47,1.0908485651016235,0.33341550827026367,0.0064536333084106445,0.31435149908065796
F_46,C,47,0.7781869173049927,0.2706909775733948,0.003279387950897217,0.31096452474594116
F_46,D,47,0.7609060406684875,0.20591211318969727,0.003135085105895996,0.29770421981811523
F_46,E,47,0.7336207628250122,0.19822247326374054,0.0029126405715942383,0.2969928979873657
F_46,F,47,0.0,0.0,-1.2874603271484375e-05,0.3008643388748169
F_46,G,47,0.882555365562439,0.2487495392560959,0.004222571849822998,0.3067958950996399
F_46,H,47,0.5736636519432068,0.19132158160209656,0.0017753839492797852,0.2986069917678833
F_46,I,47,1.0879908800125122,0.3323730528354645,0.0064200758934021,0.29888999462127686
F_46,K,47,0.7309778332710266,0.19953033328056335,0.002891361713409424,0.294572114944458
F_46,L,47,1.0025982856750488,0.3450879454612732,0.005449891090393066,0.3031463623046875
F_46,M,47,0.8740900158882141,0.29701194167137146,0.004139125347137451,0.2745248079299927
F_46,N,47,0.6465739607810974,0.1998140662908554,0.0022590160369873047,0.2968522310256958
F_46,P,47,0.7894077301025391,0.22719226777553558,0.003373384475708008,0.30297571420669556
F_46,Q,47,0.6805475950241089,0.20088431239128113,0.0025042295455932617,0.2956731915473938
F_46,R,47,0.7926796078681946,0.23284120857715607,0.0034023523330688477,0.3014301061630249
F_46,S,47,0.7570748329162598,0.27378329634666443,0.003102600574493408,0.31736236810684204
F_46,T,47,0.9419496059417725,0.3054174780845642,0.004808783531188965,0.3142467141151428
F_46,V,47,1.209883451461792,0.3584117889404297,0.007942914962768555,0.2998102307319641
F_46,W,47,0.6745042204856873,0.23322555422782898,0.002459704875946045,0.2979182004928589
F_46,Y,47,0.6695311069488525,0.2934286594390869,0.0024240612983703613,0.3199746012687683
P_47,A,48,0.6656821966171265,0.264267235994339,0.0023934245109558105,0.365866482257843
P_47,C,48,0.46475711464881897,0.11990347504615784,0.0011592507362365723,0.35688596963882446
P_47,D,48,0.6810516119003296,0.20804698765277863,0.0025082826614379883,0.36452245712280273
P_47,E,48,0.6643336415290833,0.20958271622657776,0.0023853182792663574,0.36414510011672974
P_47,F,48,0.73353111743927,0.21406503021717072,0.0029120445251464844,0.3626694679260254
P_47,G,48,0.6988538503646851,0.24566474556922913,0.0026431679725646973,0.3808630108833313
P_47,H,48,0.6041848063468933,0.1805035024881363,0.0019723176956176758,0.3702279329299927
P_47,I,48,0.6190961003303528,0.20813006162643433,0.0020706653594970703,0.3638268709182739
P_47,K,48,0.7241345047950745,0.22599048912525177,0.0028359293937683105,0.37249910831451416
P_47,L,48,0.6580920219421387,0.24773645401000977,0.0023412108421325684,0.3708738088607788
P_47,M,48,0.5516127347946167,0.18784809112548828,0.0016406774520874023,0.3673672676086426
P_47,N,48,0.7176574468612671,0.22085821628570557,0.002785623073577881,0.36513251066207886
P_47,P,48,0.0,0.0,-1.2874603271484375e-05,0.33565884828567505
P_47,Q,48,0.6552920937538147,0.2355896383523941,0.0023211240768432617,0.3703235983848572
P_47,R,48,0.6974290609359741,0.23627640306949615,0.0026304125785827637,0.38012027740478516
P_47,S,48,0.706465482711792,0.2499508112668991,0.002699434757232666,0.35878050327301025
P_47,T,48,0.6994693875312805,0.2504148781299591,0.0026453137397766113,0.357860803604126
P_47,V,48,0.672236442565918,0.2142496258020401,0.002442598342895508,0.36836153268814087
P_47,W,48,0.5335150957107544,0.10946653038263321,0.0015347003936767578,0.35191047191619873
P_47,Y,48,0.7307986617088318,0.21464316546916962,0.0028897523880004883,0.3669043183326721
R_48,A,49,0.6902123689651489,0.32508915662765503,0.00257718563079834,0.35344088077545166
R_48,C,49,0.5886820554733276,0.2805236876010895,0.001870870590209961,0.3539291024208069
R_48,D,49,0.7597108483314514,0.3002948760986328,0.0031251907348632812,0.3546501398086548
R_48,E,49,0.8125132322311401,0.3246588408946991,0.003574848175048828,0.3670188784599304
R_48,F,49,0.803568422794342,0.31972864270210266,0.0034973621368408203,0.3632770776748657
R_48,G,49,0.7241613268852234,0.3369068503379822,0.0028374791145324707,0.3609616756439209
R_48,H,49,0.5885513424873352,0.29281681776046753,0.0018687844276428223,0.35576683282852173
R_48,I,49,0.6822117567062378,0.3032120168209076,0.0025174617767333984,0.3489706516265869
R_48,K,49,0.38403576612472534,0.2598453462123871,0.0007879734039306641,0.3507566452026367
R_48,L,49,0.7217065691947937,0.31636595726013184,0.0028184056282043457,0.3489266037940979
R_48,M,49,0.5866197347640991,0.2821463644504547,0.0018581748008728027,0.35176658630371094
R_48,N,49,0.6691877841949463,0.31854113936424255,0.002422034740447998,0.3637673258781433
R_48,P,49,0.609792172908783,0.255846232175827,0.002007901668548584,0.3429810404777527
R_48,Q,49,0.5374988317489624,0.2957512438297272,0.0015582442283630371,0.35412997007369995
R_48,R,49,0.0,0.0,-1.2874603271484375e-05,0.34744828939437866
R_48,S,49,0.6720049381256104,0.3239578306674957,0.0024423599243164062,0.3544308543205261
R_48,T,49,0.6717285513877869,0.3447054624557495,0.0024374723434448242,0.3624579906463623
R_48,V,49,0.7152526378631592,0.3248952031135559,0.0027681589126586914,0.3386526107788086
R_48,W,49,0.6070178747177124,0.2460012435913086,0.0019872188568115234,0.341461718082428
R_48,Y,49,0.7422679662704468,0.3066481947898865,0.002981722354888916,0.3647657632827759
N_49,A,50,0.6932451725006104,0.331724613904953,0.002597987651824951,0.31172114610671997
N_49,C,50,0.5533177852630615,0.2718275487422943,0.0016515254974365234,0.3340975046157837
N_49,D,50,0.7142979502677917,0.3494934141635895,0.0027593374252319336,0.29895418882369995
N_49,E,50,0.7770376801490784,0.3318258225917816,0.0032674074172973633,0.30185437202453613
N_49,F,50,0.7040815353393555,0.2911053001880646,0.0026813745498657227,0.31090569496154785
N_49,G,50,0.7323970794677734,0.3483644723892212,0.002901613712310791,0.32058387994766235
N_49,H,50,0.6181188821792603,0.3139761686325073,0.0020624399185180664,0.3042796850204468
N_49,I,50,0.6876991391181946,0.31053829193115234,0.002558887004852295,0.32211047410964966
N_49,K,50,0.6529999375343323,0.2982466220855713,0.00230562686920166,0.31338244676589966
N_49,L,50,0.7799496650695801,0.32285332679748535,0.0032922029495239258,0.3210756778717041
N_49,M,50,0.5895202159881592,0.2732829749584198,0.001874089241027832,0.3172667622566223
N_49,N,50,0.0,0.0,-1.2874603271484375e-05,0.32611048221588135
N_49,P,50,0.6090536117553711,0.24853719770908356,0.0020030736923217773,0.30389726161956787
N_49,Q,50,0.6556104421615601,0.32553333044052124,0.002323448657989502,0.3056033253669739
N_49,R,50,0.7597769498825073,0.3313405215740204,0.0031247735023498535,0.2837480306625366
N_49,S,50,0.5791847705841064,0.32274892926216125,0.0018115043640136719,0.30362969636917114
N_49,T,50,0.6191707253456116,0.3239139914512634,0.0020705461502075195,0.3090444803237915
N_49,V,50,0.7314658761024475,0.31044039130210876,0.002895057201385498,0.3224813938140869
N_49,W,50,0.6065503358840942,0.2330908477306366,0.0019863247871398926,0.3109923005104065
N_49,Y,50,0.660523533821106,0.2814877927303314,0.0023586153984069824,0.31826967000961304
Y_50,A,51,0.9756642580032349,0.34963908791542053,0.005160033702850342,0.3494987487792969
Y_50,C,51,0.6828643083572388,0.2738164961338043,0.0025220513343811035,0.3429076075553894
Y_50,D,51,0.7464590668678284,0.26279881596565247,0.0030152201652526855,0.33464401960372925
Y_50,E,51,0.7967255711555481,0.26129990816116333,0.003437936305999756,0.33275115489959717
Y_50,F,51,0.4226994514465332,0.24216139316558838,0.0009570717811584473,0.33762770891189575
Y_50,G,51,0.8035786747932434,0.26048871874809265,0.003498077392578125,0.334578275680542
Y_50,H,51,0.5642814636230469,0.2553386986255646,0.0017176270484924316,0.3407302498817444
Y_50,I,51,0.8411163687705994,0.30647844076156616,0.003831923007965088,0.3464277982711792
Y_50,K,51,0.8338267207145691,0.2815912365913391,0.0037662386894226074,0.3334706425666809
Y_50,L,51,0.8273179531097412,0.32462260127067566,0.0037060976028442383,0.3492678999900818
Y_50,M,51,0.7659292817115784,0.3021959066390991,0.0031737685203552246,0.34942924976348877
Y_50,N,51,0.7135451436042786,0.2666850984096527,0.0027527809143066406,0.3195209503173828
Y_50,P,51,0.7811307311058044,0.22796136140823364,0.0033026933670043945,0.334087073802948
Y_50,Q,51,0.8035807013511658,0.28165116906166077,0.003496229648590088,0.3407955765724182
Y_50,R,51,0.88819420337677,0.30098429322242737,0.004273474216461182,0.34154993295669556
Y_50,S,51,0.8352694511413574,0.30638134479522705,0.0037789344787597656,0.3441053628921509
Y_50,T,51,0.9034896492958069,0.3178730905056,0.00442272424697876,0.34202712774276733
Y_50,V,51,0.8943191766738892,0.3076269030570984,0.004333019256591797,0.3471013307571411
Y_50,W,51,0.6612411141395569,0.23923002183437347,0.0023620128631591797,0.3360007405281067
Y_50,Y,51,0.0,0.0,-1.2874603271484375e-05,0.32929664850234985
V_51,A,52,0.6640211939811707,0.28978413343429565,0.0023827552795410156,0.32177507877349854
V_51,C,52,0.583183228969574,0.2730395197868347,0.0018357038497924805,0.3174487352371216
V_51,D,52,0.5064889192581177,0.1927923858165741,0.0013800859451293945,0.2853105664253235
V_51,E,52,0.5055485963821411,0.190194770693779,0.0013763904571533203,0.28628021478652954
V_51,F,52,0.8812531232833862,0.2886148691177368,0.004208385944366455,0.2865219712257385
V_51,G,52,0.6539500951766968,0.26295533776283264,0.002311110496520996,0.30205655097961426
V_51,H,52,0.4606381058692932,0.1757282167673111,0.001139819622039795,0.2844633460044861
V_51,I,52,0.4113193452358246,0.2344132661819458,0.0009062290191650391,0.28784942626953125
V_51,K,52,0.5145610570907593,0.18807969987392426,0.00142747163772583,0.28722870349884033
V_51,L,52,0.7406177520751953,0.3040694296360016,0.002968311309814453,0.2970970869064331
V_51,M,52,0.6128029823303223,0.2830738127231598,0.0020294189453125,0.3043854832649231
V_51,N,52,0.5248594284057617,0.1989833265542984,0.0014858245849609375,0.2878339886665344
V_51,P,52,0.5347312688827515,0.18296490609645844,0.0015415549278259277,0.28630632162094116
V_51,Q,52,0.5257125496864319,0.20630477368831635,0.0014896988868713379,0.2889496684074402
V_51,R,52,0.5808549523353577,0.2208607792854309,0.0018219947814941406,0.28790605068206787
V_51,S,52,0.6666930317878723,0.27112194895744324,0.0024022459983825684,0.3078831434249878
V_51,T,52,0.6100577712059021,0.2878597676753998,0.0020108819007873535,0.3265771269798279
V_51,V,52,0.0,0.0,-1.2874603271484375e-05,0.2721717953681946
V_51,W,52,0.5748550891876221,0.17551970481872559,0.0017824769020080566,0.2884376049041748
V_51,Y,52,0.7216082811355591,0.24027085304260254,0.0028173327445983887,0.274167537689209
T_52,A,53,0.42971867322921753,0.2552495300769806,0.0009909868240356445,0.24065327644348145
T_52,C,53,0.45585012435913086,0.2327190637588501,0.0011156201362609863,0.23350483179092407
T_52,D,53,0.6395291686058044,0.2838507890701294,0.002209603786468506,0.24352610111236572
T_52,E,53,0.6511611342430115,0.28024980425834656,0.002291381359100342,0.24720919132232666
T_52,F,53,0.6043926477432251,0.252135694026947,0.001973271369934082,0.23596447706222534
T_52,G,53,0.6079996228218079,0.27979812026023865,0.001995980739593506,0.24740546941757202
T_52,H,53,0.5354706048965454,0.26190319657325745,0.001545548439025879,0.24438589811325073
T_52,I,53,0.49329134821891785,0.24944445490837097,0.0013085007667541504,0.24146884679794312
T_52,K,53,0.6378676295280457,0.2824959456920624,0.002197861671447754,0.24669325351715088
T_52,L,53,0.5867014527320862,0.2915261387825012,0.001857161521911621,0.2476704716682434
T_52,M,53,0.470488578081131,0.25027012825012207,0.0011884570121765137,0.2482263445854187
T_52,N,53,0.48851364850997925,0.26166555285453796,0.0012844204902648926,0.2371399998664856
T_52,P,53,0.6020250916481018,0.25152385234832764,0.0019576549530029297,0.24225252866744995
T_52,Q,53,0.5543330311775208,0.2801986038684845,0.0016579627990722656,0.24497860670089722
T_52,R,53,0.6372686624526978,0.286063015460968,0.0021954774856567383,0.24793916940689087
T_52,S,53,0.364020437002182,0.24533429741859436,0.0007080435752868652,0.23261934518814087
T_52,T,53,0.0,0.0,-1.2874603271484375e-05,0.24096310138702393
T_52,V,53,0.4850391149520874,0.2563689053058624,0.0012649893760681152,0.22547203302383423
T_52,W,53,0.49244970083236694,0.2185169905424118,0.0013049840927124023,0.2313210368156433
T_52,Y,53,0.5929850339889526,0.25234484672546387,0.001898348331451416,0.23677343130111694
P_53,A,54,0.4991937279701233,0.24021907150745392,0.0013422966003417969,0.15609502792358398
P_53,C,54,0.5295600295066833,0.22123047709465027,0.0015114545822143555,0.1577652096748352
P_53,D,54,0.6129370927810669,0.24422994256019592,0.0020287036895751953,0.1646595001220703
P_53,E,54,0.7183437347412109,0.2689533233642578,0.00279158353805542,0.17204821109771729
P_53,F,54,0.697598934173584,0.24680790305137634,0.0026319026947021484,0.16456788778305054
P_53,G,54,0.613141655921936,0.25333115458488464,0.0020300745964050293,0.16153347492218018
P_53,H,54,0.5552144050598145,0.22566373646259308,0.0016633868217468262,0.16008597612380981
P_53,I,54,0.6674039363861084,0.2704086899757385,0.0024077892303466797,0.16603577136993408
P_53,K,54,0.5913763642311096,0.23734216392040253,0.0018868446350097656,0.16618001461029053
P_53,L,54,0.6523017287254333,0.25390568375587463,0.002298891544342041,0.16729813814163208
P_53,M,54,0.5881680846214294,0.2395036816596985,0.001867830753326416,0.16112083196640015
P_53,N,54,0.5480413436889648,0.23431439697742462,0.0016199946403503418,0.15847426652908325
P_53,P,54,0.0,0.0,-1.2874603271484375e-05,0.15752339363098145
P_53,Q,54,0.5432597398757935,0.2377159297466278,0.0015925168991088867,0.16329950094223022
P_53,R,54,0.5848032236099243,0.2417837381362915,0.0018463134765625,0.1642063856124878
P_53,S,54,0.4847610890865326,0.22837282717227936,0.001263737678527832,0.1587241291999817
P_53,T,54,0.5344042778015137,0.24304422736167908,0.0015402436256408691,0.1342407464981079
P_53,V,54,0.6361188292503357,0.2611842751502991,0.0021862387657165527,0.16281580924987793
P_53,W,54,0.5783795714378357,0.2027932107448578,0.0018045902252197266,0.15650707483291626
P_53,Y,54,0.6727016568183899,0.23438052833080292,0.002446591854095459,0.16194164752960205
V_54,A,55,0.4694383442401886,0.21093924343585968,0.0011829137802124023,0.1500258445739746
V_54,C,55,0.4380273222923279,0.19927433133125305,0.001028895378112793,0.14918100833892822
V_54,D,55,0.7097037434577942,0.25198882818222046,0.002724945545196533,0.14365512132644653
V_54,E,55,0.7354169487953186,0.24912172555923462,0.0029273033142089844,0.1386028528213501
V_54,F,55,0.5764201283454895,0.22398221492767334,0.0017930269241333008,0.14515525102615356
V_54,G,55,0.6143112778663635,0.22337119281291962,0.0020360946655273438,0.14449048042297363
V_54,H,55,0.5775964856147766,0.22046402096748352,0.0017996430397033691,0.14985895156860352
V_54,I,55,0.2900826930999756,0.18548555672168732,0.00044482946395874023,0.14882594347000122
V_54,K,55,0.6768613457679749,0.22577346861362457,0.0024760961532592773,0.14346933364868164
V_54,L,55,0.4330677390098572,0.23066018521785736,0.0010072588920593262,0.14824867248535156
V_54,M,55,0.35699236392974854,0.1975410133600235,0.0006800293922424316,0.14412158727645874
V_54,N,55,0.5895368456840515,0.21767374873161316,0.0018749833106994629,0.1431504487991333
V_54,P,55,0.6211466789245605,0.22452837228775024,0.002084493637084961,0.12388545274734497
V_54,Q,55,0.603273868560791,0.22653883695602417,0.0019651055335998535,0.1383097767829895
V_54,R,55,0.7294579744338989,0.23671792447566986,0.0028801560401916504,0.14381498098373413
V_54,S,55,0.5791884660720825,0.22540400922298431,0.0018104314804077148,0.14202803373336792
V_54,T,55,0.46359944343566895,0.21615837514400482,0.001154482364654541,0.14831846952438354
V_54,V,55,0.0,0.0,-1.2874603271484375e-05,0.14675170183181763
V_54,W,55,0.5515841841697693,0.18182934820652008,0.0016407966613769531,0.13634133338928223
V_54,Y,55,0.6219432950019836,0.23486897349357605,0.0020891427993774414,0.15340793132781982
N_55,A,56,0.39877718687057495,0.22280491888523102,0.0008510351181030273,0.1416463851928711
N_55,C,56,0.3841766119003296,0.18811377882957458,0.0007892251014709473,0.13690924644470215
N_55,D,56,0.3607039451599121,0.19355826079845428,0.0006935000419616699,0.14248842000961304
N_55,E,56,0.42687150835990906,0.20695781707763672,0.000977158546447754,0.13978636264801025
N_55,F,56,0.4925245940685272,0.20125892758369446,0.0013065934181213379,0.13611680269241333
N_55,G,56,0.43831226229667664,0.2215559035539627,0.0010302066802978516,0.14594191312789917
N_55,H,56,0.3462698757648468,0.1838594228029251,0.0006389021873474121,0.1375712752342224
N_55,I,56,0.47013983130455017,0.21088476479053497,0.0011889338493347168,0.13836455345153809
N_55,K,56,0.4136873483657837,0.19751478731632233,0.0009174942970275879,0.1404799222946167
N_55,L,56,0.5308550000190735,0.23424550890922546,0.0015183687210083008,0.14536398649215698
N_55,M,56,0.3795557916164398,0.19186583161354065,0.0007696747779846191,0.13843828439712524
N_55,N,56,0.0,0.0,-1.2874603271484375e-05,0.13571429252624512
N_55,P,56,0.5254709124565125,0.23715409636497498,0.001489102840423584,0.14226627349853516
N_55,Q,56,0.35573187470436096,0.19490176439285278,0.0006747841835021973,0.13712531328201294
N_55,R,56,0.4378139078617096,0.21156637370586395,0.001027822494506836,0.14141547679901123
N_55,S,56,0.3278379440307617,0.20374804735183716,0.0005703568458557129,0.14092445373535156
N_55,T,56,0.35255786776542664,0.21017979085445404,0.0006612539291381836,0.14019805192947388
N_55,V,56,0.47928592562675476,0.22317589819431305,0.0012364387512207031,0.12229692935943604
N_55,W,56,0.4150528907775879,0.17030172049999237,0.0009238123893737793,0.13255035877227783
N_55,Y,56,0.44906333088874817,0.18426498770713806,0.001083076000213623,0.13486677408218384
