WT_AA_model,Mut,Pos,global_analysis_euclidean,positional_analysis_euclidean,global_analysis_cosine,positional_analysis_cosine,WT_AA_exp,fitness
T_0,A,0,0.34413495659828186,0.01740463636815548,0.0006307363510131836,0.0001512765884399414,T,-0.0135060893825694
T_0,E,0,0.4071958065032959,0.01872176304459572,0.0008887648582458496,0.00017505884170532227,T,-0.060371473473751
T_0,G,0,0.4915136396884918,0.024435274302959442,0.001300811767578125,0.00029850006103515625,T,-0.0123486586925725
T_0,I,0,0.3424686789512634,0.017293710261583328,0.0006259679794311523,0.0001493692398071289,T,-0.0105502531499921
T_0,K,0,0.37492167949676514,0.01710614562034607,0.0007519721984863281,0.0001462697982788086,T,0.0104638082461233
T_0,L,0,0.4202730655670166,0.019147133454680443,0.0009472966194152832,0.00018334388732910156,T,-0.0393432484934644
T_0,M,0,0.452686071395874,0.024936923757195473,0.0011008977890014648,0.0003110170364379883,T,-0.0333095347192936
T_0,N,0,0.3100709021091461,0.013938100077211857,0.0005100369453430176,9.697675704956055e-05,T,0.0289438703603918
T_0,P,0,0.40426889061927795,0.025230836123228073,0.0008761286735534668,0.00031834840774536133,T,0.0204142384853496
T_0,R,0,0.4090520143508911,0.017362212762236595,0.0008982419967651367,0.0001506805419921875,T,-0.115571773202566
T_0,S,0,0.2695477604866028,0.010422845371067524,0.0003813505172729492,5.424022674560547e-05,T,0.0071713273594922
T_0,V,0,0.32991263270378113,0.0185396745800972,0.0005776286125183105,0.00017178058624267578,T,-0.0026410859405657
Y_1,C,1,0.43491068482398987,0.08740117400884628,0.0010145902633666992,0.0038191676139831543,Y,-0.0066955048593111
Y_1,F,1,0.2882833778858185,0.05599954351782799,0.0004375576972961426,0.0015679597854614258,Y,-0.0177426498938634
Y_1,H,1,0.38091325759887695,0.07821226119995117,0.0007759928703308105,0.0030585527420043945,Y,0.0253124801849799
Y_1,I,1,0.5627179741859436,0.1179368793964386,0.001708388328552246,0.006954312324523926,Y,-0.0241322455070473
Y_1,K,1,0.6159460544586182,0.13143451511859894,0.0020484328269958496,0.00863736867904663,Y,-0.0939636352759183
Y_1,L,1,0.5331129431724548,0.11994442343711853,0.0015316605567932129,0.007193326950073242,Y,0.083427598552221
Y_1,N,1,0.545073926448822,0.11635340750217438,0.0016034245491027832,0.00676882266998291,Y,-0.0350803024114652
Y_1,Q,1,0.5804640650749207,0.12586699426174164,0.001819610595703125,0.007920920848846436,Y,0.0092797882562259
Y_1,R,1,0.601723849773407,0.12158544361591339,0.0019569993019104004,0.00739133358001709,Y,0.0549728961659563
Y_1,S,1,0.572117269039154,0.12752938270568848,0.0017670392990112305,0.008131980895996094,Y,0.0446245874948195
V_2,A,2,0.6959442496299744,0.13448506593704224,0.002619147300720215,0.00904315710067749,V,-0.0343464699036987
V_2,D,2,0.5512781739234924,0.104738749563694,0.001639723777770996,0.0054847002029418945,V,-0.866214751400859
V_2,E,2,0.5804165601730347,0.11668267846107483,0.0018183588981628418,0.0068073272705078125,V,-0.707858227731396
V_2,F,2,0.7427825331687927,0.1645926833152771,0.002984941005706787,0.01354515552520752,V,-0.0529429198591239
V_2,G,2,0.9279713034629822,0.1749388575553894,0.004667460918426514,0.015301525592803955,V,-0.356312010716944
V_2,I,2,0.3480171859264374,0.06416887789964676,0.0006449222564697266,0.0020589232444763184,V,-0.407883344882388
V_2,L,2,0.5944426655769348,0.11944340914487839,0.0019087791442871094,0.007133424282073975,V,-0.274042775277583
V_2,N,2,0.5636600255966187,0.11474834382534027,0.001712799072265625,0.006583273410797119,V,-0.58250666642451
V_2,P,2,0.6130030155181885,0.12739169597625732,0.002027451992034912,0.008114278316497803,V,-0.217978241360559
V_2,S,2,0.7095955014228821,0.15238738059997559,0.0027233362197875977,0.011610746383666992,V,-0.0573686492785577
V_2,T,2,0.5824851989746094,0.12390702217817307,0.0018314123153686523,0.007676362991333008,V,-0.193724588528237
V_2,Y,2,0.8398950099945068,0.18307150900363922,0.0038208365440368652,0.01675736904144287,V,-0.068717802817143
Q_3,E,3,0.4739600419998169,0.08787093311548233,0.0012089014053344727,0.0038603544235229492,Q,0.0547074958792035
Q_3,H,3,0.43597230315208435,0.06652092933654785,0.0010196566581726074,0.0022124648094177246,Q,-0.0948291468841251
Q_3,K,3,0.4355498254299164,0.0791674256324768,0.0010186433792114258,0.003133535385131836,Q,-0.016600049861428
Q_3,L,3,0.5641336441040039,0.09400628507137299,0.001716017723083496,0.004418373107910156,Q,-0.166367096716935
Q_3,M,3,0.4474339485168457,0.08673372864723206,0.0010750889778137207,0.0037613511085510254,Q,-0.53278461142698
Q_3,N,3,0.514860987663269,0.09593484550714493,0.0014281868934631348,0.004601836204528809,Q,-0.0740081280884374
Q_3,P,3,0.5343562960624695,0.10781446844339371,0.0015395879745483398,0.00581204891204834,Q,-0.820586738527608
Q_3,R,3,0.45874887704849243,0.07817695289850235,0.001131296157836914,0.0030559301376342773,Q,0.0027504970289162
Q_3,T,3,0.5754005312919617,0.10899148136377335,0.001786351203918457,0.005939483642578125,Q,-0.0730522507605184
Q_3,W,3,0.4535338580608368,0.07707332819700241,0.0011067986488342285,0.0029702186584472656,Q,-0.120824609334217
Q_3,Y,3,0.7149456739425659,0.12974652647972107,0.0027669668197631836,0.008417189121246338,Q,-0.0965722103549573
A_4,D,4,0.5438191294670105,0.11630453169345856,0.0015949606895446777,0.006763458251953125,A,-0.645002678679798
A_4,E,4,0.5339377522468567,0.11420395225286484,0.0015358328819274902,0.0065212249755859375,A,0.0064976496501479
A_4,G,4,0.6273753046989441,0.11797712743282318,0.0021254420280456543,0.006959319114685059,A,-0.102275939247814
A_4,I,4,0.6907632946968079,0.1283608078956604,0.0025801658630371094,0.008238375186920166,A,-0.860838416953574
A_4,P,4,0.561529278755188,0.12423202395439148,0.001701653003692627,0.007716774940490723,A,-0.655987114361892
A_4,S,4,0.5589302778244019,0.09661616384983063,0.0016853809356689453,0.0046672821044921875,A,-0.190550991523298
A_4,T,4,0.6267319321632385,0.12595264613628387,0.002122342586517334,0.007931828498840332,A,-0.481092383931381
A_4,V,4,0.72721266746521,0.13906599581241608,0.0028616786003112793,0.009669601917266846,A,-0.774953077310159
L_5,C,5,0.5635401606559753,0.11357555538415909,0.001711726188659668,0.0064498186111450195,L,-0.0211774962228177
L_5,F,5,0.5949484705924988,0.12469876557588577,0.0019109249114990234,0.007775008678436279,L,-0.332851806076119
L_5,H,5,0.6055529713630676,0.11896488815546036,0.0019803643226623535,0.0070765018463134766,L,-0.293640927319344
L_5,I,5,0.4627550542354584,0.08847091346979141,0.0011513829231262207,0.003913581371307373,L,-0.075825322110747
L_5,N,5,0.7063188552856445,0.14334076642990112,0.0026980042457580566,0.010273635387420654,L,-0.132995322424865
L_5,P,5,0.643041729927063,0.13577277958393097,0.002234220504760742,0.009217500686645508,L,-0.705604433689829
L_5,Q,5,0.5754801034927368,0.11257081478834152,0.0017876029014587402,0.0063359737396240234,L,-0.248958903023244
L_5,S,5,0.6647548675537109,0.14035630226135254,0.002388179302215576,0.009849965572357178,L,-0.450917319548748
L_5,Y,5,0.6572402715682983,0.13507020473480225,0.0023341774940490723,0.009122252464294434,L,-0.180163736737033
F_6,A,6,0.8029446005821228,0.2185768187046051,0.0034905672073364258,0.023887991905212402,F,-0.928709107651643
F_6,C,6,0.612724781036377,0.15696021914482117,0.0020279288291931152,0.012318074703216553,F,-0.685636340431685
F_6,H,6,0.5854601860046387,0.16415560245513916,0.0018500089645385742,0.013473153114318848,F,-0.263539927798476
F_6,I,6,0.6590880155563354,0.15718011558055878,0.00234907865524292,0.01235264539718628,F,-0.848911093453907
F_6,L,6,0.6746596097946167,0.16907820105552673,0.002461075782775879,0.0142936110496521,F,-0.694280470285229
F_6,N,6,0.6780917644500732,0.17128875851631165,0.002485513687133789,0.01466977596282959,F,-0.667562409177194
F_6,S,6,0.7475757598876953,0.20531408488750458,0.0030235648155212402,0.021076560020446777,F,-0.68643399973902
F_6,T,6,0.7189328074455261,0.1760716438293457,0.0027958154678344727,0.015500366687774658,F,-0.73455522813522
F_6,V,6,0.7338353991508484,0.1754089593887329,0.0029149651527404785,0.015384197235107422,F,-0.831962923256011
F_6,Y,6,0.43648919463157654,0.11319886893033981,0.0010225772857666016,0.006407022476196289,F,-0.0074448994899027
D_7,C,7,0.7015905380249023,0.15444491803646088,0.0026619434356689453,0.011926352977752686,D,-0.204309784635068
D_7,E,7,0.575532078742981,0.11767546832561493,0.0017875432968139648,0.006923675537109375,D,-0.178285894203203
D_7,F,7,0.7340472340583801,0.17104721069335938,0.002914905548095703,0.01462852954864502,D,-0.668696872430188
D_7,G,7,0.7583106756210327,0.16404519975185394,0.0031117796897888184,0.013455331325531006,D,-0.231819063781906
D_7,H,7,0.6940006017684937,0.15924738347530365,0.0026051998138427734,0.012679815292358398,D,-0.124469476595555
D_7,I,7,0.6739429235458374,0.14787833392620087,0.002455472946166992,0.010933935642242432,D,-0.743256015523057
D_7,N,7,0.540081799030304,0.12165326625108719,0.0015731453895568848,0.007399857044219971,D,-0.0184602050207134
D_7,Q,7,0.7406981587409973,0.16666580736637115,0.0029691457748413086,0.013888835906982422,D,-0.0676088966640766
D_7,R,7,0.8829597234725952,0.19398830831050873,0.004225373268127441,0.01881563663482666,D,-0.137698798416966
D_7,S,7,0.7402853965759277,0.17248934507369995,0.002964615821838379,0.014876484870910645,D,-0.123991168445273
D_7,T,7,0.7542886734008789,0.17286404967308044,0.0030784010887145996,0.014941155910491943,D,-0.434409088632542
D_7,V,7,0.7748159766197205,0.16955728828907013,0.0032492876052856445,0.014374792575836182,D,-0.665852138004372
D_7,Y,7,0.7188564538955688,0.16932085156440735,0.0027961134910583496,0.014334559440612793,D,-0.486307375366474
F_8,A,8,0.7491610646247864,0.16249120235443115,0.0030382871627807617,0.013201653957366943,F,-0.88841032105969
F_8,C,8,0.6204004883766174,0.13586659729480743,0.0020785927772521973,0.009229898452758789,F,-0.859317762069028
F_8,H,8,0.6363826394081116,0.14530594646930695,0.002187669277191162,0.010556578636169434,F,-0.922802261523876
F_8,I,8,0.7053328156471252,0.1557624191045761,0.0026888251304626465,0.012130796909332275,F,-0.869289621595611
F_8,L,8,0.7027668356895447,0.1513294130563736,0.002672731876373291,0.01145029067993164,F,-0.718109060305384
F_8,M,8,0.6525974869728088,0.14030487835407257,0.002300560474395752,0.009842514991760254,F,-0.811205870036584
F_8,N,8,0.6549270153045654,0.1446114033460617,0.002318263053894043,0.010456264019012451,F,-0.834029057006239
F_8,P,8,0.7623220682144165,0.1654333621263504,0.0031453371047973633,0.013684093952178955,F,-0.932933729329504
F_8,S,8,0.7168145179748535,0.15055634081363678,0.002780437469482422,0.011333465576171875,F,-0.801401048136989
F_8,T,8,0.708323061466217,0.1544657051563263,0.0027133822441101074,0.011929750442504883,F,-0.944116357458644
F_8,V,8,0.7021015286445618,0.1575842797756195,0.002665698528289795,0.012416243553161621,F,-0.928359995953799
F_8,Y,8,0.4696119725704193,0.09912765026092529,0.0011863112449645996,0.004913210868835449,F,-0.774124958577862
D_9,A,9,0.5884230136871338,0.1338503509759903,0.0018698573112487793,0.008957862854003906,D,-0.0102158915372137
D_9,E,9,0.4127245545387268,0.08313896507024765,0.0009131431579589844,0.0034560561180114746,D,0.033614814303379
D_9,F,9,0.6814305186271667,0.15577936172485352,0.0025096535682678223,0.012133777141571045,D,-0.0347465513668524
D_9,G,9,0.6076929569244385,0.13787633180618286,0.0019944310188293457,0.009505033493041992,D,-0.128332963720609
D_9,H,9,0.543362021446228,0.1212189644575119,0.0015913844108581543,0.0073468685150146484,D,-0.242323647308906
D_9,I,9,0.6441035270690918,0.1433454304933548,0.0022412538528442383,0.010273933410644531,D,0.0082580002935434
D_9,K,9,0.6290075182914734,0.13508209586143494,0.0021356940269470215,0.009123444557189941,D,-0.0606089199818322
D_9,L,9,0.6856629252433777,0.1511572152376175,0.0025426149368286133,0.01142430305480957,D,-0.159454520341629
D_9,N,9,0.4379373788833618,0.09494373202323914,0.0010305047035217285,0.004507303237915039,D,-0.0403527631661294
D_9,S,9,0.5592610836029053,0.13220471143722534,0.0016872286796569824,0.008738934993743896,D,0.0762799000311464
D_9,T,9,0.5828133225440979,0.13074363768100739,0.0018324851989746094,0.008547186851501465,D,0.002045696652988
D_9,V,9,0.6496483683586121,0.1419420689344406,0.0022800564765930176,0.01007378101348877,D,-0.0215468437377153
D_9,Y,9,0.6538488268852234,0.1515839397907257,0.0023103952407836914,0.011488616466522217,D,-0.059590791933151
P_10,A,10,0.6272492408752441,0.1835835874080658,0.0021256208419799805,0.016851067543029785,P,-0.0346055659765784
P_10,D,10,0.7126802802085876,0.19327576458454132,0.0027480125427246094,0.01867741346359253,P,-0.0697504134052782
P_10,F,10,0.7691121101379395,0.2025970220565796,0.0032024383544921875,0.020522475242614746,P,-0.605030218077751
P_10,H,10,0.6003111004829407,0.16806775331497192,0.0019453167915344238,0.014123141765594482,P,-0.284261518355758
P_10,I,10,0.6273857355117798,0.17885097861289978,0.0021248459815979004,0.015993595123291016,P,-0.0981949787659769
P_10,L,10,0.6686493158340454,0.17698052525520325,0.0024169087409973145,0.015660762786865234,P,-0.405983534738583
P_10,N,10,0.673841118812561,0.18948175013065338,0.0024549365043640137,0.01795130968093872,P,-0.20257019282276
P_10,Q,10,0.595211386680603,0.1704721301794052,0.0019118189811706543,0.014530062675476074,P,-0.0916245157164803
P_10,R,10,0.7349311113357544,0.20456385612487793,0.0029214024543762207,0.020923078060150146,P,-0.205680863679781
P_10,S,10,0.6681897640228271,0.19430948793888092,0.002414107322692871,0.018877744674682617,P,-0.201482837743486
P_10,T,10,0.6542401909828186,0.19555574655532837,0.0023134946823120117,0.01912081241607666,P,-0.19854458580621
P_10,Y,10,0.748599112033844,0.19581444561481476,0.003033876419067383,0.01917135715484619,P,-0.240831351252995
Q_11,E,11,0.44247764348983765,0.11072441190481186,0.0010516047477722168,0.0061299800872802734,Q,0.0996868920220838
Q_11,H,11,0.33804240822792053,0.09653587639331818,0.0006077289581298828,0.004659175872802734,Q,-0.163446029796336
Q_11,K,11,0.4398689866065979,0.10173346102237701,0.0010377764701843262,0.005174696445465088,Q,-0.0680278013019811
Q_11,L,11,0.5347170233726501,0.14874805510044098,0.0015407800674438477,0.011062860488891602,Q,0.0566160514164223
Q_11,M,11,0.40647566318511963,0.11237171292304993,0.0008856654167175293,0.006313621997833252,Q,0.0794977539391815
Q_11,P,11,0.5896183252334595,0.1819133758544922,0.0018756985664367676,0.016546189785003662,Q,-0.707550826904712
Q_11,R,11,0.4818798899650574,0.12074922770261765,0.0012496113777160645,0.007289886474609375,Q,-0.210005222870492
Q_11,T,11,0.4542973041534424,0.12013024836778641,0.0011085867881774902,0.007215440273284912,Q,-0.373747854084636
Q_11,W,11,0.4190194010734558,0.1094522550702095,0.0009418725967407227,0.005989789962768555,Q,-0.333530660250807
Q_11,Y,11,0.6061885356903076,0.17727030813694,0.0019835829734802246,0.01571214199066162,Q,-0.2158033978195
E_12,D,12,0.42882639169692993,0.12188912183046341,0.0009859204292297363,0.007428526878356934,E,-0.217670465635802
E_12,G,12,0.6349605917930603,0.19932672381401062,0.002178668975830078,0.01986551284790039,E,-0.492548583879664
E_12,K,12,0.6506595611572266,0.20279940962791443,0.0022887587547302246,0.020563721656799316,E,-0.71229706689314
E_12,L,12,0.6926493644714355,0.19966457784175873,0.002595841884613037,0.01993274688720703,E,-0.832594377814568
E_12,M,12,0.5741602182388306,0.17544876039028168,0.0017788410186767578,0.015391111373901367,E,-0.470635437718263
E_12,N,12,0.6278543472290039,0.2029382437467575,0.002130448818206787,0.020591676235198975,E,-0.462142534996597
E_12,Q,12,0.48443201184272766,0.165826678276062,0.0012617707252502441,0.01374894380569458,E,-0.450113340096549
E_12,R,12,0.6767534017562866,0.2106991410255432,0.0024767518043518066,0.022196650505065918,E,-0.848502439853477
E_12,V,12,0.621786892414093,0.1838144212961197,0.0020872950553894043,0.016893744468688965,E,-0.466238051674219
E_12,Y,12,0.7402999401092529,0.2359827309846878,0.0029659271240234375,0.027843713760375977,E,-0.466988096779527
D_13,A,13,0.5623311400413513,0.1487344354391098,0.0017063617706298828,0.011061012744903564,D,-0.930386863389912
D_13,E,13,0.3538762032985687,0.08872923254966736,0.0006679892539978027,0.003936648368835449,D,-0.0089579272397749
D_13,F,13,0.7098304629325867,0.18327778577804565,0.002724945545196533,0.016795635223388672,D,-0.153983535583323
D_13,G,13,0.5494686365127563,0.15997780859470367,0.0016279816627502441,0.012796521186828613,D,-0.124406994160756
D_13,H,13,0.5136010050773621,0.1424500197172165,0.0014216899871826172,0.01014620065689087,D,-0.093824100564611
D_13,I,13,0.6374605894088745,0.16882923245429993,0.002196073532104492,0.014251887798309326,D,-0.158099840969532
D_13,K,13,0.6299874186515808,0.18146471679210663,0.0021438002586364746,0.016464710235595703,D,-0.123179033474684
D_13,L,13,0.7200782895088196,0.19040869176387787,0.0028060078620910645,0.018127858638763428,D,-0.17565063253031
D_13,N,13,0.450658917427063,0.11675866693258286,0.00109177827835083,0.006816387176513672,D,-0.0923562746668875
D_13,R,13,0.6654317378997803,0.19129936397075653,0.002392113208770752,0.018298029899597168,D,-0.106516473758046
D_13,S,13,0.5108787417411804,0.1465199887752533,0.0014060735702514648,0.010734081268310547,D,-0.12781401787518
D_13,V,13,0.6179623007774353,0.16301222145557404,0.002064347267150879,0.01328665018081665,D,-0.12929195604902
D_13,Y,13,0.6566538214683533,0.16977393627166748,0.002331256866455078,0.014411568641662598,D,-0.106758727048812
G_14,A,14,0.6261129975318909,0.15699978172779083,0.0021170973777770996,0.012324512004852295,G,-0.404710019868778
G_14,C,14,0.613635241985321,0.1444019377231598,0.0020332932472229004,0.010426163673400879,G,-0.52230344115929
G_14,D,14,0.7197238802909851,0.16875599324703217,0.00280153751373291,0.014239251613616943,G,0.217052243549272
G_14,E,14,0.694444477558136,0.1673482358455658,0.002609550952911377,0.014002859592437744,G,-0.123296462782398
G_14,I,14,0.7973126173019409,0.18316435813903809,0.0034415721893310547,0.016774773597717285,G,-0.928648108998652
G_14,K,14,0.7959780693054199,0.19042779505252838,0.0034310221672058105,0.018131136894226074,G,-0.464043017119992
G_14,L,14,0.8390078544616699,0.19099649786949158,0.003812849521636963,0.018239915370941162,G,-0.807902627649516
G_14,Q,14,0.6731119751930237,0.17538593709468842,0.0024490952491760254,0.01538020372390747,G,-0.373758353633995
G_14,R,14,0.7663657665252686,0.18321436643600464,0.003178834915161133,0.01678413152694702,G,-0.536629178760861
G_14,S,14,0.6097331047058105,0.15677841007709503,0.002007782459259033,0.012289702892303467,G,-0.391936241289311
G_14,V,14,0.7606502175331116,0.17891043424606323,0.003131568431854248,0.016004621982574463,G,-0.728565673313061
G_14,W,14,0.6697959303855896,0.14941272139549255,0.0024251341819763184,0.011162340641021729,G,-0.434520111952078
E_15,D,15,0.7059066295623779,0.20240972936153412,0.0026952028274536133,0.02048468589782715,E,-0.770446005775836
E_15,G,15,0.7376986145973206,0.19547131657600403,0.002943694591522217,0.019104480743408203,E,-0.755372211098651
E_15,K,15,0.6712948679924011,0.16902804374694824,0.0024364590644836426,0.014285087585449219,E,-0.828984813966636
E_15,L,15,0.9068924188613892,0.22530396282672882,0.0044571757316589355,0.02538090944290161,E,-0.679311036273962
E_15,M,15,0.6816920042037964,0.16670280694961548,0.0025134682655334473,0.013894915580749512,E,-0.851686463995407
E_15,R,15,0.7286434173583984,0.18980750441551208,0.002872467041015625,0.01801323890686035,E,-0.938426174398158
E_15,V,15,0.8395799994468689,0.20771585404872894,0.0038177967071533203,0.021572530269622803,E,-0.834085103725606
E_15,Y,15,0.7900418043136597,0.19631260633468628,0.0033795833587646484,0.019269287586212158,E,-0.766842975781114
L_16,A,16,0.6050190329551697,0.13703155517578125,0.0019753575325012207,0.009389042854309082,L,-0.777217169436188
L_16,H,16,0.469902366399765,0.10036727041006088,0.001186370849609375,0.005037128925323486,L,-1.05391142282611
L_16,I,16,0.5112043023109436,0.1157509982585907,0.0014066696166992188,0.006699204444885254,L,-0.0142626760322809
L_16,K,16,0.5705142617225647,0.1287524253129959,0.0017567873001098633,0.008288919925689697,L,-0.887208013512401
L_16,M,16,0.43447476625442505,0.10419103503227234,0.001011967658996582,0.005427837371826172,L,-0.206654397255345
L_16,P,16,0.5067549347877502,0.11195070296525955,0.0013837218284606934,0.0062667131423950195,L,-0.762205588532333
L_16,Q,16,0.4641970098018646,0.10347918421030045,0.0011583566665649414,0.005353987216949463,L,-0.84475798809891
L_16,R,16,0.5741087198257446,0.12678706645965576,0.0017793774604797363,0.00803762674331665,L,-0.847840212790319
L_16,S,16,0.5500383973121643,0.1174924299120903,0.0016311407089233398,0.0069023966789245605,L,-0.796521616458624
L_16,T,16,0.5820246338844299,0.13383518159389496,0.0018281936645507812,0.008955955505371094,L,-0.843949352520783
L_16,V,16,0.6047195792198181,0.1340375393629074,0.001974761486053467,0.008983016014099121,L,-0.172971801246655
L_16,W,16,0.49402758479118347,0.10309189558029175,0.0013132095336914062,0.005314230918884277,L,-0.945061679961484
G_17,A,17,0.5484715700149536,0.13271518051624298,0.001621544361114502,0.008806705474853516,G,-0.105745359476537
G_17,C,17,0.6100582480430603,0.14525051414966583,0.002009868621826172,0.010549008846282959,G,-0.106854831939744
G_17,D,17,0.7095920443534851,0.15715405344963074,0.002723872661590576,0.012348771095275879,G,-0.1044437581215
G_17,F,17,0.8204296827316284,0.16886061429977417,0.0036440491676330566,0.014256656169891357,G,-0.12892661978146
G_17,I,17,0.7684239149093628,0.1684393584728241,0.00319594144821167,0.014185905456542969,G,-0.148009268390445
G_17,N,17,0.6466359496116638,0.15706852078437805,0.0022596120834350586,0.01233530044555664,G,0.0003067321736154
G_17,R,17,0.7691956162452698,0.18218301236629486,0.003202080726623535,0.01659548282623291,G,0.0465481211213356
G_17,S,17,0.6009654998779297,0.14940813183784485,0.0019515752792358398,0.011161088943481445,G,-0.0697222124843289
G_17,V,17,0.7667661905288696,0.17447146773338318,0.0031824707984924316,0.015220284461975098,G,-0.133085525709277
G_17,Y,17,0.7586151957511902,0.1608896404504776,0.0031162500381469727,0.012942790985107422,G,-0.0212538494476757
F_18,H,18,0.5743406414985657,0.11883217096328735,0.0017803311347961426,0.007060408592224121,F,-0.907786769841492
F_18,I,18,1.1105600595474243,0.2269936352968216,0.006691157817840576,0.025762975215911865,F,-0.290661895853038
F_18,L,18,1.0743101835250854,0.2229461818933487,0.00625985860824585,0.02485203742980957,F,-0.143589320493117
F_18,N,18,0.6974315047264099,0.13945767283439636,0.002631545066833496,0.009724318981170654,F,-0.67212214314261
F_18,P,18,0.7609695792198181,0.16471458971500397,0.003135979175567627,0.013565242290496826,F,-0.637008355870489
F_18,R,18,0.7255235314369202,0.15470294654369354,0.002848029136657715,0.011966347694396973,F,-0.298297652285301
F_18,S,18,0.673295795917511,0.1354750543832779,0.0024503469467163086,0.009176671504974365,F,-0.79757828992294
F_18,T,18,0.8241071105003357,0.16607196629047394,0.0036789774894714355,0.013789772987365723,F,-0.652273815275469
F_18,Y,18,0.48918142914772034,0.09512452781200409,0.0012884140014648438,0.00452423095703125,F,-0.666362753929603
R_19,A,19,0.5814563035964966,0.10272043943405151,0.0018246173858642578,0.00527578592300415,R,-0.255340894434094
R_19,C,19,0.47054362297058105,0.07878754287958145,0.0011889338493347168,0.003103792667388916,R,-0.0191488820357311
R_19,D,19,0.665701687335968,0.12080036848783493,0.0023956894874572754,0.007296204566955566,R,-0.256320471682611
R_19,F,19,0.6709607243537903,0.11963848769664764,0.0024352073669433594,0.007156670093536377,R,-0.256158112396043
R_19,G,19,0.6097261905670166,0.11379753053188324,0.002007126808166504,0.006475090980529785,R,-0.0559661576849971
R_19,H,19,0.4460485875606537,0.079485222697258,0.0010679960250854492,0.003158748149871826,R,0.0115763996537982
R_19,I,19,0.6248539090156555,0.11216434091329575,0.002107858657836914,0.00629037618637085,R,-0.0562759138612254
R_19,L,19,0.6323009133338928,0.10797114670276642,0.0021607279777526855,0.005828976631164551,R,-0.0359084277319804
R_19,N,19,0.5539710521697998,0.09831265360116959,0.0016547441482543945,0.0048326849937438965,R,-0.0050569044032501
R_19,P,19,0.6266690492630005,0.11731448024511337,0.002121150493621826,0.006881654262542725,R,-0.836740020411849
R_19,Q,19,0.4279142916202545,0.0690302923321724,0.0009824633598327637,0.0023823976516723633,R,0.0022638412107706
R_19,S,19,0.5316687226295471,0.09181271493434906,0.001524209976196289,0.004215121269226074,R,0.0082886882971464
R_19,T,19,0.5612306594848633,0.10156822204589844,0.001698315143585205,0.0051580071449279785,R,0.0658670105422409
R_19,W,19,0.48598548769950867,0.08249473571777344,0.0012705326080322266,0.003402531147003174,R,0.0162996638673831
R_19,Y,19,0.621829092502594,0.10930931568145752,0.002088308334350586,0.005974173545837402,R,-0.0060800808254711
R_20,C,20,0.491034597158432,0.09690621495246887,0.0012969970703125,0.004695236682891846,R,-0.0439377210058278
R_20,G,20,0.7066813707351685,0.1508454978466034,0.0027025938034057617,0.011377274990081787,R,-0.138307226082061
R_20,H,20,0.48841392993927,0.10830890387296677,0.001282334327697754,0.0058650970458984375,R,-0.0321125666953246
R_20,K,20,0.3990526795387268,0.08003278821706772,0.0008525252342224121,0.003202497959136963,R,0.0517437250638467
R_20,L,20,0.6974506378173828,0.14051777124404907,0.002632319927215576,0.009872376918792725,R,-0.0917570444737944
R_20,M,20,0.5568897128105164,0.11863435804843903,0.0016723871231079102,0.007036864757537842,R,-0.0417427195419563
R_20,P,20,0.7047944664955139,0.16051238775253296,0.0026879310607910156,0.012881994247436523,R,-0.474958100497102
R_20,Q,20,0.4791024625301361,0.10072734206914902,0.0012353062629699707,0.005072951316833496,R,-0.0058127584323322
R_20,S,20,0.6306275129318237,0.13440322875976562,0.002148866653442383,0.009031891822814941,R,-0.150844256187388
R_20,T,20,0.626406729221344,0.13226613402366638,0.0021196603775024414,0.00874704122543335,R,-0.0458897740405287
R_20,V,20,0.6793946027755737,0.1490553319454193,0.002496004104614258,0.01110851764678955,R,0.023830153748153
R_20,W,20,0.5096333026885986,0.10258917510509491,0.0013982653617858887,0.005262136459350586,R,-0.2025812788782
G_21,C,21,0.4535946846008301,0.09409157931804657,0.0011069774627685547,0.00442659854888916,G,-0.229706066289425
G_21,D,21,0.6233416199684143,0.16566428542137146,0.0021001696586608887,0.013722419738769531,G,-0.0567316578062238
G_21,E,21,0.6179975271224976,0.1562618762254715,0.0020630955696105957,0.012209177017211914,G,-0.297972185768152
G_21,I,21,0.538962185382843,0.10183176398277283,0.0015659332275390625,0.00518488883972168,G,-0.603260181984086
G_21,K,21,0.4881015717983246,0.12679146230220795,0.001282036304473877,0.008038163185119629,G,-0.345658550285244
G_21,L,21,0.5684435963630676,0.112288698554039,0.001743912696838379,0.006304323673248291,G,-0.534679608484332
G_21,Q,21,0.42876628041267395,0.09783904254436493,0.0009851455688476562,0.004786431789398193,G,-0.390589379375326
G_21,R,21,0.46831098198890686,0.10927273333072662,0.0011794567108154297,0.0059702396392822266,G,-0.319443862170287
G_21,S,21,0.42923957109451294,0.0928889811038971,0.0009880661964416504,0.004314303398132324,G,-0.0747118186556399
G_21,V,21,0.5899695754051208,0.11921261996030807,0.0018776655197143555,0.007105827331542969,G,-0.537175972278397
G_21,W,21,0.46388372778892517,0.1014452576637268,0.001155555248260498,0.005145907402038574,G,-0.179075345479268
D_22,C,22,0.5659597516059875,0.0882263332605362,0.0017275214195251465,0.0038920044898986816,D,-0.254483236001174
D_22,E,22,0.6263607144355774,0.10358583927154541,0.002117455005645752,0.0053650736808776855,D,-0.0338981735461335
D_22,F,22,0.7003108859062195,0.1102055162191391,0.002653181552886963,0.006072521209716797,D,-0.290592290713217
D_22,G,22,0.6369053721427917,0.1021239385008812,0.002192378044128418,0.005214571952819824,D,-0.631396578179899
D_22,H,22,0.5697464346885681,0.09234301745891571,0.0017521977424621582,0.004263341426849365,D,-0.321781352938163
D_22,I,22,0.6962193846702576,0.11003735661506653,0.0026215314865112305,0.006054222583770752,D,-0.802466744344354
D_22,K,22,0.734988272190094,0.12097129970788956,0.0029224157333374023,0.007316887378692627,D,-0.641863867244382
D_22,L,22,0.7925550937652588,0.12645229697227478,0.0034025907516479492,0.00799494981765747,D,-0.80450980609848
D_22,N,22,0.5384119749069214,0.0802237018942833,0.0015621185302734375,0.003217756748199463,D,-0.154977820906033
D_22,S,22,0.7514837980270386,0.112434521317482,0.0030559897422790527,0.0063207149505615234,D,-0.186240522213195
D_22,V,22,0.7931836843490601,0.12842975556850433,0.003406524658203125,0.008246958255767822,D,-0.450409727959648
D_22,Y,22,0.6435713171958923,0.1033644750714302,0.0022379159927368164,0.005342245101928711,D,-0.280394587629551
F_23,A,23,0.793131411075592,0.15817953646183014,0.0034061074256896973,0.012510120868682861,F,-0.0137002037044509
F_23,C,23,0.6044878363609314,0.12938742339611053,0.0019731521606445312,0.00837033987045288,F,-0.0212961343788333
F_23,G,23,0.7406438589096069,0.14901132881641388,0.002968907356262207,0.011102080345153809,F,-0.206480457747654
F_23,H,23,0.5575782060623169,0.11443078517913818,0.0016759634017944336,0.006546974182128906,F,-0.0755448368552069
F_23,I,23,0.7145002484321594,0.14898642897605896,0.0027613043785095215,0.011098265647888184,F,0.0179990343768785
F_23,L,23,0.624929666519165,0.13152648508548737,0.0021097660064697266,0.008649230003356934,F,0.002359632835279
F_23,N,23,0.6624139547348022,0.13579803705215454,0.0023717880249023438,0.0092201828956604,F,-0.0933271514740889
F_23,P,23,0.6821797490119934,0.14233160018920898,0.0025159716606140137,0.010128915309906006,F,-0.109537936266499
F_23,S,23,0.7184854745864868,0.14230233430862427,0.002793550491333008,0.010124683380126953,F,-0.035147136209329
F_23,T,23,0.7627711296081543,0.1598508358001709,0.0031480789184570312,0.012775719165802002,F,0.0475172156129593
F_23,V,23,0.7318122386932373,0.15588805079460144,0.002899646759033203,0.012150108814239502,F,-0.113674583066199
F_23,Y,23,0.3624608516693115,0.06607512384653091,0.0007023811340332031,0.00218278169631958,F,-0.0113608522316313
I_24,A,24,0.876625657081604,0.1490870863199234,0.0041637420654296875,0.011113643646240234,I,-0.531573824137531
I_24,D,24,0.5653620362281799,0.10220576077699661,0.0017247796058654785,0.00522303581237793,I,-0.594385891628704
I_24,F,24,0.984191358089447,0.1836780160665512,0.005251467227935791,0.016869008541107178,I,-0.645368239059442
I_24,K,24,0.5192245841026306,0.08912435173988342,0.0014514923095703125,0.0039716362953186035,I,-0.810436850274061
I_24,L,24,0.7438534498214722,0.13100016117095947,0.0029928088188171387,0.008580625057220459,I,-0.176296745946968
I_24,M,24,0.6616278886795044,0.10942597687244415,0.0023667216300964355,0.005986988544464111,I,-0.638411735872329
I_24,N,24,0.5147351622581482,0.0871313139796257,0.0014266371726989746,0.003795921802520752,I,-0.827185408810741
I_24,R,24,0.589726448059082,0.10330494493246078,0.001877129077911377,0.0053362250328063965,I,-0.856611408129252
I_24,S,24,0.6101100444793701,0.10573884099721909,0.002009451389312744,0.005590677261352539,I,-0.886899078677243
I_24,T,24,0.5001451373100281,0.08176274597644806,0.0013477206230163574,0.0033425092697143555,I,-0.801316731426018
I_24,V,24,0.5252843499183655,0.08844546228647232,0.0014868378639221191,0.003911316394805908,I,-0.0655738884154691
I_24,Y,24,0.9554508924484253,0.16817349195480347,0.004949748516082764,0.01414114236831665,I,-0.703625429104438
H_25,A,25,0.5508970022201538,0.1168690025806427,0.0016358494758605957,0.0068288445472717285,H,-0.146680116237313
H_25,D,25,0.6156189441680908,0.1266283094882965,0.0020480751991271973,0.008017182350158691,H,0.056495238250037
H_25,E,25,0.6534652709960938,0.1393798291683197,0.0023087263107299805,0.009713411331176758,H,0.0905495259357376
H_25,F,25,0.5678387880325317,0.11088620871305466,0.0017403364181518555,0.006147801876068115,H,0.0490865227198411
H_25,I,25,0.6168233156204224,0.12272311002016068,0.002054870128631592,0.0075304508209228516,H,0.0083652124436852
H_25,K,25,0.5313333868980408,0.10957218706607819,0.001522362232208252,0.006002843379974365,H,0.0425172972691376
H_25,L,25,0.6122806668281555,0.1191042959690094,0.002024531364440918,0.007092833518981934,H,0.0135273787400885
H_25,N,25,0.4442245066165924,0.09403687715530396,0.001059114933013916,0.0044214725494384766,H,-0.011076976627261
H_25,P,25,0.5432885885238647,0.10577637702226639,0.0015925765037536621,0.005594193935394287,H,-0.640522563167791
H_25,Q,25,0.437001496553421,0.08319028466939926,0.0010254383087158203,0.003460526466369629,H,0.0026733865096271
H_25,R,25,0.5276299715042114,0.10316444933414459,0.0015010237693786621,0.0053212642669677734,H,-0.0239690425118064
H_25,S,25,0.4898478090763092,0.10106419026851654,0.001290440559387207,0.005106687545776367,H,-0.050465103285704
H_25,T,25,0.5254014134407043,0.10722843557596207,0.0014873743057250977,0.005748629570007324,H,0.0974069109003582
H_25,Y,25,0.5445699095726013,0.0985988974571228,0.0015982985496520996,0.00486069917678833,H,-0.0072684420186749
V_26,A,26,0.7575288414955139,0.13707150518894196,0.0031055212020874023,0.00939410924911499,V,-0.55751876583758
V_26,C,26,0.6093810200691223,0.11125606298446655,0.002004384994506836,0.006188392639160156,V,-0.0473136717740226
V_26,D,26,0.6556697487831116,0.11018269509077072,0.0023238062858581543,0.00606989860534668,V,-0.81322304178089
V_26,E,26,0.6476812958717346,0.11273114383220673,0.002268671989440918,0.0063536763191223145,V,-0.737599893650638
V_26,F,26,0.8313033580780029,0.15171483159065247,0.0037418007850646973,0.011508643627166748,V,-0.579825520751897
V_26,G,26,0.8337098956108093,0.14362861216068268,0.0037656426429748535,0.010314583778381348,V,-0.90705746763664
V_26,I,26,0.38843610882759094,0.06767728924751282,0.0008085966110229492,0.0022898316383361816,V,-0.0475090366448722
V_26,L,26,0.7113412618637085,0.14341133832931519,0.0027374625205993652,0.010283291339874268,V,-0.0486458841543441
V_26,M,26,0.551821231842041,0.10333611816167831,0.0016428232192993164,0.005338788032531738,V,-0.34785291104365
V_26,N,26,0.6132751703262329,0.11195390671491623,0.0020304322242736816,0.00626683235168457,V,-0.671419553892715
V_26,T,26,0.5968574285507202,0.11487668007612228,0.0019221901893615723,0.006598174571990967,V,-0.329489030971334
V_26,Y,26,0.8490447998046875,0.1514384150505066,0.003905773162841797,0.011466503143310547,V,-0.44608345997328
M_27,A,27,0.5755730271339417,0.12474892288446426,0.0017864108085632324,0.007781028747558594,M,-0.140827657729214
M_27,E,27,0.6556587815284729,0.1355280727148056,0.002323150634765625,0.009183764457702637,M,0.0155035845753699
M_27,F,27,0.6399948000907898,0.14677578210830688,0.0022138357162475586,0.010771453380584717,M,-0.0962581298490624
M_27,I,27,0.458931565284729,0.09263734519481659,0.0011310577392578125,0.004290580749511719,M,-0.0488781535327859
M_27,K,27,0.6516380310058594,0.1269507259130478,0.002295076847076416,0.008058130741119385,M,-0.0426087156443839
M_27,L,27,0.4566406011581421,0.09622199833393097,0.0011221766471862793,0.004628777503967285,M,-0.0075743506913772
M_27,N,27,0.5829268097877502,0.11035671830177307,0.001834571361541748,0.0060890913009643555,M,-0.0355568227023691
M_27,P,27,0.621803879737854,0.1388062685728073,0.002089262008666992,0.00963360071182251,M,-0.71916098669297
M_27,R,27,0.7047874331474304,0.13976331055164337,0.0026877522468566895,0.009766876697540283,M,-0.0598240652087517
M_27,S,27,0.5497334599494934,0.11195540428161621,0.001630544662475586,0.00626683235168457,M,-0.0185359740290518
M_27,T,27,0.5215926766395569,0.106521375477314,0.0014660954475402832,0.0056732892990112305,M,0.0481901123869399
M_27,V,27,0.4543415307998657,0.10351967066526413,0.0011100172996520996,0.005357921123504639,M,0.006477023058688
M_27,W,27,0.5143194794654846,0.1004623994231224,0.0014258623123168945,0.0050463080406188965,M,-0.0188600107877105
D_28,C,28,0.6572721004486084,0.1291295439004898,0.0023338794708251953,0.008337318897247314,D,-0.248416280234382
D_28,E,28,0.6501155495643616,0.11954667419195175,0.0022847652435302734,0.007145822048187256,D,-0.059098976948531
D_28,F,28,0.8590442538261414,0.1589650809764862,0.003997445106506348,0.012635111808776855,D,-0.432069394317696
D_28,G,28,0.8448341488838196,0.1647576242685318,0.0038667917251586914,0.0135725736618042,D,-0.321879516798645
D_28,H,28,0.7085711359977722,0.13533581793308258,0.0027155280113220215,0.009158134460449219,D,-0.29743814617647
D_28,I,28,0.7610254287719727,0.13991104066371918,0.0031347274780273438,0.009787678718566895,D,-0.378048966001183
D_28,K,28,0.8737806081771851,0.16586613655090332,0.004135549068450928,0.013756036758422852,D,-0.390193065807136
D_28,L,28,0.8523867130279541,0.15671035647392273,0.003935515880584717,0.012279331684112549,D,-0.390168930650678
D_28,N,28,0.5779467821121216,0.11414092034101486,0.0018017888069152832,0.006514191627502441,D,-0.126326480308519
D_28,S,28,0.7537004947662354,0.15407705307006836,0.003074467182159424,0.011870145797729492,D,-0.289393478826333
D_28,V,28,0.8297638297080994,0.15363536775112152,0.003727853298187256,0.011802136898040771,D,-0.299648833278739
D_28,Y,28,0.8541584014892578,0.16034938395023346,0.003953337669372559,0.012856125831604004,D,-0.421955213618366
N_29,C,29,0.4915212094783783,0.1133522093296051,0.0012995004653930664,0.006424367427825928,N,-0.192891515890309
N_29,D,29,0.48697441816329956,0.10690607130527496,0.0012759566307067871,0.0057146549224853516,N,-0.0123713441317599
N_29,E,29,0.6269086599349976,0.15822158753871918,0.002123594284057617,0.012517094612121582,N,-0.0122782679389543
N_29,F,29,0.6794372200965881,0.16055457293987274,0.002496004104614258,0.01288914680480957,N,-0.0975060860850255
N_29,G,29,0.5427597165107727,0.12741318345069885,0.001588284969329834,0.008117198944091797,N,0.0340290910295845
N_29,I,29,0.6110537648200989,0.14042802155017853,0.0020166635513305664,0.009860098361968994,N,-0.163658726736471
N_29,K,29,0.6651317477226257,0.1592814028263092,0.002392590045928955,0.01268547773361206,N,-0.0535907439407429
N_29,R,29,0.6348159909248352,0.1460871547460556,0.002176940441131592,0.010670900344848633,N,-0.0660742961133678
N_29,S,29,0.43365126848220825,0.106425441801548,0.00100785493850708,0.005663275718688965,N,0.0015931090489066
N_29,T,29,0.5326000452041626,0.12499915063381195,0.0015295743942260742,0.007812440395355225,N,-0.0925452722930851
N_29,V,29,0.6254428029060364,0.15487787127494812,0.0021142959594726562,0.011993587017059326,N,-0.106893388394201
N_29,Y,29,0.6237668395042419,0.15084274113178253,0.0020995140075683594,0.011376738548278809,N,-0.0556324330689617
S_30,A,30,0.4723075032234192,0.15347202122211456,0.0012000799179077148,0.011776983737945557,S,-0.0717199905664198
S_30,E,30,0.6518921852111816,0.19926564395427704,0.0022965669631958008,0.019853591918945312,S,-0.151809912879203
S_30,F,30,0.7853830456733704,0.2103375643491745,0.0033401846885681152,0.022120773792266846,S,-0.202600840173978
S_30,I,30,0.7514756917953491,0.23747415840625763,0.0030567049980163574,0.028197050094604492,S,-0.170828094419444
S_30,K,30,0.5914270281791687,0.16902287304401398,0.0018898844718933105,0.014284491539001465,S,0.0125445413771141
S_30,L,30,0.7699470520019531,0.23703184723854065,0.003209710121154785,0.028092145919799805,S,-0.121386120091453
S_30,P,30,0.6613273620605469,0.2423872947692871,0.0023647546768188477,0.029375851154327393,S,-0.647122622892651
S_30,Q,30,0.5811106562614441,0.1812743991613388,0.0018236637115478516,0.016430437564849854,S,-0.0953674494867263
S_30,R,30,0.5923799276351929,0.15957023203372955,0.001894831657409668,0.012731432914733887,S,-0.0119595830256168
S_30,T,30,0.38514119386672974,0.11455577611923218,0.0007942318916320801,0.006561577320098877,S,0.0024337139208038
S_30,Y,30,0.7271331548690796,0.2006339281797409,0.0028610825538635254,0.02012723684310913,S,-0.124972660821298
D_31,C,31,0.7082436680793762,0.14742395281791687,0.002715468406677246,0.010866761207580566,D,-0.486696042987322
D_31,E,31,0.6247332692146301,0.1333853006362915,0.0021071434020996094,0.008895576000213623,D,-0.531724254992469
D_31,F,31,0.9132341742515564,0.2038956731557846,0.00451970100402832,0.02078646421432495,D,-0.769645763373921
D_31,G,31,0.8708993792533875,0.19973182678222656,0.004110217094421387,0.01994621753692627,D,-0.633342247455336
D_31,H,31,0.7674189805984497,0.16728007793426514,0.003187894821166992,0.013991117477416992,D,-0.236630836013806
D_31,I,31,0.8689093589782715,0.19258932769298553,0.00409090518951416,0.018545150756835938,D,-0.601514732351855
D_31,K,31,0.8423025012016296,0.19048799574375153,0.0038434863090515137,0.018142759799957275,D,-0.732154496273447
D_31,N,31,0.6835368275642395,0.13841991126537323,0.0025267601013183594,0.009579777717590332,D,-0.100908632956359
D_31,S,31,0.8280701637268066,0.16947044432163239,0.0037128329277038574,0.01436007022857666,D,-0.557002187390137
D_31,T,31,0.8870336413383484,0.18900896608829498,0.004261493682861328,0.017862319946289062,D,-0.579155840382861
D_31,V,31,0.9242150783538818,0.20659272372722626,0.004629790782928467,0.021340012550354004,D,-0.764439911118795
D_31,Y,31,0.7857736945152283,0.17873238027095795,0.0033416748046875,0.0159723162651062,D,-0.572902930257099
P_32,A,32,0.5456648468971252,0.16211636364459991,0.0016058683395385742,0.013140857219696045,P,-0.012976905767464
P_32,C,32,0.6112461090087891,0.17393022775650024,0.0020173192024230957,0.015126049518585205,P,-0.128991484716109
P_32,D,32,0.7537973523139954,0.2263200581073761,0.003075122833251953,0.025610387325286865,P,-0.0215557457712017
P_32,F,32,0.7074962258338928,0.18753822147846222,0.002706170082092285,0.017585337162017822,P,-0.045859471170345
P_32,G,32,0.8263938426971436,0.2542189359664917,0.0037001967430114746,0.03231370449066162,P,-0.168128566244735
P_32,H,32,0.6108490228652954,0.1781417727470398,0.0020154714584350586,0.015867233276367188,P,-0.0634012185343392
P_32,I,32,0.6184539198875427,0.1718902736902237,0.002064943313598633,0.014773011207580566,P,-0.0943322261249699
P_32,K,32,0.6769284009933472,0.19472487270832062,0.0024763941764831543,0.01895904541015625,P,0.023830153748153
P_32,L,32,0.6453378200531006,0.16931867599487305,0.0022505521774291992,0.014334321022033691,P,-0.0454658337910272
P_32,N,32,0.7368607521057129,0.22731193900108337,0.002937793731689453,0.025835275650024414,P,-0.108987405263562
P_32,Q,32,0.595417320728302,0.16985692083835602,0.001915276050567627,0.01442563533782959,P,-0.0208041704112435
P_32,S,32,0.6018229126930237,0.16905821859836578,0.0019559264183044434,0.014290392398834229,P,-0.0581822599877664
P_32,T,32,0.6047326326370239,0.1815858632326126,0.0019745826721191406,0.016486644744873047,P,-0.101918627249046
P_32,Y,32,0.6933966875076294,0.18796703219413757,0.002599775791168213,0.01766592264175415,P,-0.104033874133821
N_33,C,33,0.5637194514274597,0.13998158276081085,0.0017145872116088867,0.009797275066375732,N,-0.201352894625742
N_33,D,33,0.5563662052154541,0.15916725993156433,0.0016680359840393066,0.012666940689086914,N,0.0087085337425808
N_33,E,33,0.6445214748382568,0.18094515800476074,0.0022463202476501465,0.01637047529220581,N,-0.279082304178433
N_33,F,33,0.6681246161460876,0.14205841720104218,0.0024138689041137695,0.010090053081512451,N,-0.166336850753487
N_33,G,33,0.7895405292510986,0.25780776143074036,0.0033754706382751465,0.03323251008987427,N,-0.317716416152269
N_33,H,33,0.4837585687637329,0.11797219514846802,0.0012592077255249023,0.00695878267288208,N,0.0077318341418131
N_33,I,33,0.6133122444152832,0.14597366750240326,0.0020314455032348633,0.010654091835021973,N,-0.30951549587454
N_33,K,33,0.6522231101989746,0.17055048048496246,0.002299785614013672,0.014543533325195312,N,-0.595407132365417
N_33,R,33,0.6853043437004089,0.18039759993553162,0.0025385618209838867,0.016271650791168213,N,-0.380992643392712
N_33,S,33,0.5026334524154663,0.14020641148090363,0.001361548900604248,0.009828805923461914,N,-0.269391028194106
N_33,T,33,0.5077276229858398,0.1296013742685318,0.0013883709907531738,0.008398056030273438,N,-0.315761272944697
N_33,V,33,0.6544902324676514,0.1681986004114151,0.0023155808448791504,0.014145195484161377,N,-0.196294059168675
N_33,Y,33,0.5738252401351929,0.12750469148159027,0.00177687406539917,0.008128881454467773,N,-0.109983387492821
W_34,C,34,0.643848180770874,0.1293015033006668,0.002240777015686035,0.008359253406524658,W,-0.808793999180512
W_34,E,34,0.6850947737693787,0.15078479051589966,0.0025398731231689453,0.011367976665496826,W,-0.791596574355048
W_34,F,34,0.8611249923706055,0.20373082160949707,0.00401836633682251,0.020753324031829834,W,-0.753066422318474
W_34,G,34,0.7869672775268555,0.1765170693397522,0.003353893756866455,0.015578925609588623,W,-0.895963523614577
W_34,K,34,0.7051767706871033,0.14680467545986176,0.002690553665161133,0.010775566101074219,W,-0.871553469189672
W_34,L,34,0.8765416741371155,0.1924102008342743,0.0041626691818237305,0.01851111650466919,W,-0.723934629206588
W_34,M,34,0.6568554043769836,0.14295367896556854,0.002332627773284912,0.010217726230621338,W,-0.960085328965602
W_34,Q,34,0.6850613355636597,0.14625799655914307,0.002537965774536133,0.010695695877075195,W,-0.853874479580279
W_34,R,34,0.7592278718948364,0.15875093638896942,0.0031203031539916992,0.012601077556610107,W,-0.818484503220927
W_34,S,34,0.6968371272087097,0.14422833919525146,0.002628505229949951,0.010400712490081787,W,-0.744259043166665
W_34,T,34,0.7442147731781006,0.15701332688331604,0.0029978156089782715,0.012326657772064209,W,-0.724649692447693
W_34,Y,34,0.8210495114326477,0.18413706123828888,0.003650844097137451,0.016953349113464355,W,-0.910631302561274
W_35,C,35,0.8563596606254578,0.1287909299135208,0.003972351551055908,0.008293390274047852,W,-0.376556659985886
W_35,F,35,1.1840157508850098,0.19372625648975372,0.007606685161590576,0.018764913082122803,W,-0.362413090221682
W_35,G,35,0.8489937782287598,0.14142955839633942,0.0039046406745910645,0.010001063346862793,W,-0.580520323272989
W_35,K,35,0.7684593200683594,0.12629657983779907,0.0031961798667907715,0.007975399494171143,W,-0.65455093498039
W_35,L,35,1.2935335636138916,0.20819485187530518,0.00908195972442627,0.021672487258911133,W,-0.271595874447453
W_35,M,35,1.005253553390503,0.1580977886915207,0.005479156970977783,0.012497425079345703,W,-0.349300974453573
W_35,Q,35,0.7484701871871948,0.1256837695837021,0.0030317306518554688,0.007898330688476562,W,-0.678809446367285
W_35,R,35,0.7473486661911011,0.12465506792068481,0.0030213594436645508,0.007769405841827393,W,-0.851483324335726
W_35,S,35,0.9294641613960266,0.14256353676319122,0.004682183265686035,0.010162115097045898,W,-0.539680948597032
W_35,Y,35,1.1773617267608643,0.18567967414855957,0.007521510124206543,0.017238318920135498,W,-0.317829396299952
K_36,D,36,0.7294544577598572,0.1310778111219406,0.002880573272705078,0.008590757846832275,K,0.0112364007921262
K_36,E,36,0.7558799386024475,0.1330934464931488,0.003092944622039795,0.00885695219039917,K,0.138154640249976
K_36,G,36,0.7530087232589722,0.1376730501651764,0.0030686259269714355,0.009476900100708008,K,0.0249803949251753
K_36,I,36,0.7415652275085449,0.11670931428670883,0.002976536750793457,0.006810486316680908,K,0.0728591565278234
K_36,L,36,0.770520806312561,0.14113052189350128,0.0032137632369995117,0.009958744049072266,K,0.0432475961923685
K_36,M,36,0.5999473333358765,0.09839807450771332,0.0019443631172180176,0.004840850830078125,K,-0.145339111424234
K_36,N,36,0.6148586869239807,0.1033923402428627,0.0020409226417541504,0.005344748497009277,K,0.0348192403201665
K_36,Q,36,0.4833291172981262,0.08505010604858398,0.0012573599815368652,0.003616809844970703,K,0.0905705389451486
K_36,R,36,0.4233842194080353,0.07264771312475204,0.0009604692459106445,0.0026388168334960938,K,-0.0306849488706012
K_36,S,36,0.6561205387115479,0.10766039788722992,0.002327859401702881,0.005795180797576904,K,-0.0590266096243562
K_36,T,36,0.6641809344291687,0.10718134790658951,0.0023842453956604004,0.005743741989135742,K,0.159799976737479
K_36,V,36,0.7501822710037231,0.12823285162448883,0.003046095371246338,0.008221685886383057,K,0.109089369068564
K_36,Y,36,0.8197507262229919,0.1412542313337326,0.0036405324935913086,0.009976208209991455,K,0.0460222429043951
G_37,C,37,0.9513092637062073,0.16282807290554047,0.004906296730041504,0.013256669044494629,G,-0.782902627725633
G_37,D,37,0.6776190400123596,0.12820187211036682,0.0024828314781188965,0.008217990398406982,G,-0.648305230471057
G_37,E,37,0.6429771184921265,0.12650002539157867,0.002234339714050293,0.008000850677490234,G,-0.681727404225536
G_37,I,37,1.1994202136993408,0.20976540446281433,0.0078040361404418945,0.022000432014465332,G,-0.631820680384872
G_37,L,37,1.0685125589370728,0.18764731287956238,0.006193339824676514,0.017605841159820557,G,-0.832029098478028
G_37,R,37,0.6778042316436768,0.1326288878917694,0.002484142780303955,0.008795380592346191,G,-0.813608685169993
G_37,S,37,0.7627595663070679,0.14614510536193848,0.0031499266624450684,0.010679185390472412,G,-1.00287661019977
G_37,V,37,1.2242072820663452,0.21369732916355133,0.008131325244903564,0.02283322811126709,G,-0.469320766990626
G_37,W,37,0.6427589058876038,0.11785060167312622,0.002233147621154785,0.006944239139556885,G,-0.617820938455955
A_38,D,38,0.6393107771873474,0.09932226687669754,0.0022088289260864258,0.00493234395980835,A,-0.0079798973553889
A_38,E,38,0.6342949271202087,0.10825662314891815,0.002174079418182373,0.005859851837158203,A,-0.0173147061200174
A_38,F,38,0.6565619111061096,0.10625167936086655,0.0023296475410461426,0.005644559860229492,A,-0.0695840671796613
A_38,G,38,0.4667110741138458,0.07514336705207825,0.001171112060546875,0.0028232336044311523,A,0.0081853684160923
A_38,I,38,0.5706881284713745,0.1025877445936203,0.001759171485900879,0.005262255668640137,A,0.040215485840002
A_38,N,38,0.5766037106513977,0.09896484762430191,0.0017943382263183594,0.004896998405456543,A,-0.137216497208178
A_38,P,38,0.4662252962589264,0.08097542077302933,0.0011673569679260254,0.0032785534858703613,A,-0.806063886922101
A_38,S,38,0.42561203241348267,0.07568057626485825,0.000972747802734375,0.002863645553588867,A,-0.032843780867271
A_38,T,38,0.5177955627441406,0.0940459743142128,0.0014458298683166504,0.004422366619110107,A,-0.0684186041939348
A_38,V,38,0.5354707837104797,0.09648516029119492,0.0015453696250915527,0.0046547651290893555,A,-0.0742071054530274
C_39,F,39,0.649687647819519,0.10878568142652512,0.002281010150909424,0.0059168338775634766,C,-0.132035863739472
C_39,G,39,0.5438128709793091,0.10145125538110733,0.0015954971313476562,0.005146026611328125,C,-0.421884191261949
C_39,H,39,0.4936586022377014,0.08797000348567963,0.0013117194175720215,0.0038690567016601562,C,-0.0411184836382353
C_39,I,39,0.6177276372909546,0.12308472394943237,0.00206148624420166,0.00757443904876709,C,-0.0154241587801874
C_39,L,39,0.6446122527122498,0.11874018609523773,0.002245604991912842,0.007049441337585449,C,-0.0858149140542376
C_39,N,39,0.5498148202896118,0.10641627758741379,0.001629650592803955,0.005661904811859131,C,-0.126336520328505
C_39,R,39,0.6712334156036377,0.11502021551132202,0.0024352073669433594,0.0066144466400146484,C,-0.0799284997778673
C_39,S,39,0.44295910000801086,0.07809768617153168,0.0010536909103393555,0.003049314022064209,C,-0.0496219209728861
C_39,W,39,0.532365620136261,0.09073217213153839,0.001528322696685791,0.004115641117095947,C,-0.422218462821518
C_39,Y,39,0.6539912223815918,0.1061926856637001,0.0023112893104553223,0.005638420581817627,C,-0.199931194812579
H_40,C,40,0.4000483453273773,0.1037280261516571,0.0008584260940551758,0.005379378795623779,H,-0.0404846827883447
H_40,D,40,0.5737361907958984,0.1834508329629898,0.0017772912979125977,0.016826927661895752,H,-0.0063793274274731
H_40,E,40,0.5664978623390198,0.18205153942108154,0.0017318129539489746,0.016571462154388428,H,-0.0491581326965275
H_40,F,40,0.4565039277076721,0.10950884968042374,0.0011190176010131836,0.005996108055114746,H,-0.147906426133365
H_40,I,40,0.5475199818611145,0.14075936377048492,0.0016164779663085938,0.009906589984893799,H,-0.347977847118518
H_40,K,40,0.45461684465408325,0.13548114895820618,0.0011102557182312012,0.009177565574645996,H,-0.0207236304932211
H_40,L,40,0.5535420179367065,0.14953108131885529,0.0016530156135559082,0.011179804801940918,H,-0.106262372297336
H_40,N,40,0.4852733612060547,0.13143976032733917,0.0012677907943725586,0.00863790512084961,H,0.0184327463564134
H_40,P,40,0.5225934386253357,0.1296246498823166,0.0014725923538208008,0.008401215076446533,H,-0.482544976246338
H_40,Q,40,0.3726366460323334,0.10403366386890411,0.0007436871528625488,0.0054114460945129395,H,-0.0214670282262424
H_40,R,40,0.4745669364929199,0.13636517524719238,0.0012119412422180176,0.009297370910644531,H,-0.090804497670323
H_40,S,40,0.48861175775527954,0.14574912190437317,0.0012846589088439941,0.010621130466461182,H,-0.0293127158743921
H_40,T,40,0.5723501443862915,0.16008442640304565,0.0017669200897216797,0.012813329696655273,H,-0.164572057286061
H_40,Y,40,0.41309666633605957,0.10213078558444977,0.0009140968322753906,0.005215167999267578,H,-0.0647957455405163
G_41,A,41,0.6544744372367859,0.17632965743541718,0.002316117286682129,0.015546143054962158,G,-0.163575645622085
G_41,C,41,0.5112007260322571,0.11235178261995316,0.0014081001281738281,0.006311357021331787,G,-0.250052910878899
G_41,D,41,0.6470170617103577,0.17474889755249023,0.002262413501739502,0.015268564224243164,G,0.0058200608261227
G_41,E,41,0.6508831977844238,0.17326916754245758,0.002289116382598877,0.015011131763458252,G,-0.0625229647613875
G_41,F,41,0.7546687126159668,0.17290328443050385,0.0030818581581115723,0.014947593212127686,G,-0.34785291104365
G_41,K,41,0.6662615537643433,0.16986611485481262,0.002400636672973633,0.014427125453948975,G,-0.264993428789358
G_41,L,41,0.786253035068512,0.18649710714817047,0.003347337245941162,0.01739060878753662,G,-0.279545145997465
G_41,M,41,0.6255998015403748,0.14422479271888733,0.0021126270294189453,0.01040029525756836,G,-0.172125654002946
G_41,R,41,0.6853821277618408,0.17199616134166718,0.002539217472076416,0.014791369438171387,G,-0.178786492187042
G_41,S,41,0.6211903691291809,0.16633754968643188,0.002083301544189453,0.013833940029144287,G,-0.162026036386315
G_41,T,41,0.7235619425773621,0.20675919950008392,0.0028321146965026855,0.02137470245361328,G,-0.271217030052653
G_41,V,41,0.696323573589325,0.16932685673236847,0.0026223063468933105,0.014335870742797852,G,-0.49045723035259
G_41,W,41,0.5822208523750305,0.11822012066841125,0.0018292069435119629,0.006987869739532471,G,-0.262261383775562
Q_42,E,42,0.4930974543094635,0.12113301455974579,0.0013074278831481934,0.007336735725402832,Q,0.0378983254781679
Q_42,H,42,0.3934757113456726,0.08299267292022705,0.0008276104927062988,0.003444075584411621,Q,-0.0132477318758047
Q_42,K,42,0.49150606989860535,0.11113330721855164,0.0013003945350646973,0.006175339221954346,Q,-0.127436739946446
Q_42,L,42,0.5495582818984985,0.11990178376436234,0.0016295909881591797,0.007188141345977783,Q,-0.0134573050192264
Q_42,M,42,0.4057497978210449,0.0888419821858406,0.0008813142776489258,0.003946423530578613,Q,0.0475140597217975
Q_42,N,42,0.4336754381656647,0.10843901336193085,0.0010085701942443848,0.005879521369934082,Q,-0.017946889327663
Q_42,P,42,0.5147083401679993,0.11713507026433945,0.0014279484748840332,0.006860613822937012,Q,-0.729384259460318
Q_42,R,42,0.4805222749710083,0.10089211165904999,0.001242220401763916,0.0050896406173706055,Q,-0.0442766679195339
Q_42,V,42,0.5490683317184448,0.1402433067560196,0.0016248226165771484,0.009833931922912598,Q,-0.0202208876951783
Q_42,W,42,0.5307371020317078,0.09907317161560059,0.0015197992324829102,0.0049079060554504395,Q,-0.0284699119211687
Q_42,Y,42,0.6016229391098022,0.13253998756408691,0.0019549131393432617,0.008783400058746338,Q,-0.0796167662021662
T_43,A,43,0.5121772289276123,0.11194710433483124,0.0014138221740722656,0.006266117095947266,T,-0.107109298915841
T_43,D,43,0.707535982131958,0.14648497104644775,0.002707839012145996,0.010728955268859863,T,-0.0492338631099277
T_43,F,43,0.7438536882400513,0.14451485872268677,0.0029942989349365234,0.010442197322845459,T,-0.0126337411932688
T_43,G,43,0.7718207836151123,0.1701284646987915,0.0032248497009277344,0.014471590518951416,T,-0.210942878800112
T_43,I,43,0.6034777760505676,0.11384814232587814,0.00196683406829834,0.006480753421783447,T,-0.0469614538415452
T_43,K,43,0.6164590716362,0.12418363988399506,0.0020522475242614746,0.007710456848144531,T,0.0355166802444269
T_43,M,43,0.4834643006324768,0.08715733140707016,0.001257181167602539,0.0037980079650878906,T,0.0603820383183467
T_43,N,43,0.5200996398925781,0.10558046400547028,0.0014571547508239746,0.005573451519012451,T,-0.0212046570008722
T_43,P,43,0.5612031817436218,0.14345204830169678,0.0016984939575195312,0.010288894176483154,T,-0.415701160690221
T_43,R,43,0.6333169937133789,0.12512004375457764,0.002166569232940674,0.007827341556549072,T,-0.0639006337501941
T_43,S,43,0.4147805869579315,0.07728403806686401,0.0009219646453857422,0.002986431121826172,T,0.0043755527983154
T_43,Y,43,0.7568321824073792,0.14517568051815033,0.0030995607376098633,0.010537862777709961,T,-0.0764513531370913
G_44,A,44,0.7586150765419006,0.15757356584072113,0.0031142234802246094,0.012414515018463135,G,-0.638772594187632
G_44,C,44,0.601413369178772,0.11671669036149979,0.001953423023223877,0.006811380386352539,G,-0.776383325016623
G_44,D,44,0.5626686811447144,0.11817874014377594,0.001707911491394043,0.0069828033447265625,G,-0.829273639516111
G_44,E,44,0.6428309082984924,0.12863825261592865,0.0022318363189697266,0.008273482322692871,G,-0.68835566978668
G_44,F,44,0.7856993079185486,0.1424262374639511,0.0033415555953979492,0.010142326354980469,G,-0.863805540753506
G_44,H,44,0.5954770445823669,0.1207582876086235,0.001913905143737793,0.007291138172149658,G,-1.09444544393523
G_44,I,44,0.6817353367805481,0.1260979026556015,0.0025118589401245117,0.007950186729431152,G,-0.868090802269449
G_44,L,44,0.761608898639679,0.14428316056728363,0.003139317035675049,0.010408639907836914,G,-0.952752701269642
G_44,N,44,0.5629143714904785,0.11867349594831467,0.0017074346542358398,0.007041454315185547,G,-0.823418289274229
G_44,P,44,0.5999190807342529,0.11764074862003326,0.0019434690475463867,0.006919741630554199,G,-0.722410230187966
G_44,R,44,0.6608818173408508,0.12734851241111755,0.0023605823516845703,0.008108675479888916,G,-0.709399941224043
G_44,S,44,0.7451971769332886,0.16273604333400726,0.0030049681663513184,0.013241231441497803,G,-0.786704578609322
G_44,T,44,0.7326675653457642,0.16116102039813995,0.002905428409576416,0.012986183166503906,G,-0.983555294347935
G_44,V,44,0.7375689148902893,0.1411389261484146,0.002944052219390869,0.009959816932678223,G,-0.598090166820998
G_44,Y,44,0.7431463599205017,0.13855502009391785,0.0029889345169067383,0.00959855318069458,G,-0.81229548007844
M_45,A,45,0.5811631083488464,0.10559786111116409,0.0018233060836791992,0.005575418472290039,M,-0.189385893125164
M_45,E,45,0.5769217610359192,0.1086280569434166,0.0017974376678466797,0.005899965763092041,M,0.0840708233058551
M_45,I,45,0.453863263130188,0.0787317305803299,0.00110626220703125,0.0030995607376098633,M,-0.0557141289185195
M_45,K,45,0.4803087115287781,0.08066487312316895,0.001239776611328125,0.003253161907196045,M,-0.739138032841544
M_45,L,45,0.4412743151187897,0.0751686841249466,0.00104522705078125,0.0028249025344848633,M,0.0889871163672287
M_45,R,45,0.6136181354522705,0.1006188914179802,0.002034425735473633,0.00506216287612915,M,-0.787480167530168
M_45,S,45,0.5423778295516968,0.10020951926708221,0.001586318016052246,0.005020856857299805,M,-0.0832326864317982
M_45,T,45,0.5148029923439026,0.08783410489559174,0.0014284253120422363,0.0038574934005737305,M,-0.069152273440781
M_45,V,45,0.4670790433883667,0.08739294111728668,0.001172780990600586,0.0038188695907592773,M,-0.0603170666394392
F_46,C,46,0.7781869173049927,0.1737649291753769,0.003279447555541992,0.015096902847290039,F,-0.904703391678237
F_46,D,46,0.7609061002731323,0.17345841228961945,0.0031351447105407715,0.015043973922729492,F,-0.603536330564611
F_46,H,46,0.5736637115478516,0.12987270951271057,0.0017753839492797852,0.008433341979980469,F,-0.937274545702309
F_46,I,46,1.0879907608032227,0.2597924768924713,0.006420135498046875,0.03374600410461426,F,-0.322469365444836
F_46,L,46,1.0025982856750488,0.23304212093353271,0.005449950695037842,0.027154207229614258,F,-0.33207801085346
F_46,N,46,0.6465739011764526,0.15374137461185455,0.0022592544555664062,0.011818110942840576,F,-0.707739823890018
F_46,P,46,0.7894077301025391,0.18570566177368164,0.0033735036849975586,0.017243146896362305,F,-0.770123465763368
F_46,S,46,0.7570748925209045,0.16810984909534454,0.0031027793884277344,0.014130234718322754,F,-0.747350448664569
F_46,T,46,0.9419496059417725,0.21267125010490417,0.004809021949768066,0.02261453866958618,F,-0.905926886141952
F_46,V,46,1.209883451461792,0.2834140658378601,0.007943153381347656,0.04016155004501343,F,-0.54539987699766
F_46,Y,46,0.6695311069488525,0.1272091269493103,0.002424180507659912,0.008091092109680176,F,-0.412326876516814
P_47,A,47,0.6656821966171265,0.13824686408042908,0.002393364906311035,0.009555935859680176,P,-0.388616685880621
P_47,H,47,0.6041847467422485,0.11805394291877747,0.0019723176956176758,0.006968319416046143,P,-0.655671543260393
P_47,I,47,0.6190961003303528,0.1182345449924469,0.0020708441734313965,0.006989538669586182,P,-1.09310620229017
P_47,L,47,0.6580920815467834,0.12902408838272095,0.0023415088653564453,0.008323431015014648,P,-0.551325053178689
P_47,N,47,0.7176574468612671,0.14315679669380188,0.0027857422828674316,0.010246813297271729,P,-0.722373166178265
P_47,Q,47,0.6552919745445251,0.1412726193666458,0.002321183681488037,0.009978771209716797,P,-0.0981374092928579
P_47,R,47,0.6974290013313293,0.1363368034362793,0.0026307106018066406,0.009293615818023682,P,-0.454075772475958
P_47,S,47,0.706465482711792,0.1428874135017395,0.0026994943618774414,0.010208308696746826,P,-0.540656240977387
P_47,T,47,0.6994694471359253,0.14307036995887756,0.002645254135131836,0.010234475135803223,P,-0.618838789857099
P_47,Y,47,0.7307987213134766,0.13925480842590332,0.0028898119926452637,0.009696006774902344,P,-0.597186403242561
R_48,A,48,0.6902122497558594,0.13515853881835938,0.0025774240493774414,0.009133875370025635,R,0.106596483582931
R_48,C,48,0.5886820554733276,0.10627482831478119,0.0018710494041442871,0.00564730167388916,R,0.0728146669577562
R_48,F,48,0.8035681843757629,0.1522846519947052,0.0034974217414855957,0.01159524917602539,R,-0.0298443414297506
R_48,H,48,0.58855140209198,0.1112026572227478,0.0018690228462219238,0.006182968616485596,R,-0.0700402575517159
R_48,I,48,0.6822117567062378,0.12570321559906006,0.002517521381378174,0.007900595664978027,R,-0.0168642861715739
R_48,L,48,0.7217066287994385,0.12654513120651245,0.0028185248374938965,0.008006572723388672,R,-0.0164194578425098
R_48,N,48,0.6691877841949463,0.1266264170408249,0.0024219751358032227,0.008017241954803467,R,0.032660828395322
R_48,P,48,0.6097922921180725,0.11544640362262726,0.0020080208778381348,0.006663918495178223,R,-0.427157952383741
R_48,Q,48,0.5374988913536072,0.09725736081600189,0.0015583038330078125,0.004729330539703369,R,-0.15017590924007
R_48,S,48,0.6720048785209656,0.12283105403184891,0.0024424195289611816,0.007543504238128662,R,0.110909249175983
R_48,T,48,0.6717285513877869,0.12237488478422165,0.0024377107620239258,0.007487654685974121,R,0.0830207282301204
R_48,Y,48,0.7422680258750916,0.143174946308136,0.0029819607734680176,0.010249316692352295,R,-0.0355576821740021
N_49,C,49,0.5533177256584167,0.15375269949436188,0.0016515254974365234,0.011819839477539062,N,-0.240292875571904
N_49,D,49,0.7142979502677917,0.21492576599121094,0.002759277820587158,0.02309638261795044,N,-0.0244932576159529
N_49,E,49,0.7770376801490784,0.23546016216278076,0.0032675862312316895,0.02772068977355957,N,-0.158151942624523
N_49,F,49,0.7040814757347107,0.17802776396274567,0.002681434154510498,0.015846967697143555,N,-0.357181694952316
N_49,G,49,0.7323970198631287,0.19853425025939941,0.002901613712310791,0.01970815658569336,N,-0.136979425286329
N_49,H,49,0.6181188821792603,0.17484711110591888,0.002062380313873291,0.015285789966583252,N,-0.131261017800252
N_49,I,49,0.6876991391181946,0.17187069356441498,0.002558887004852295,0.01476973295211792,N,-0.344856963599251
N_49,K,49,0.6529998183250427,0.18437059223651886,0.0023056864738464355,0.016996264457702637,N,-0.37658165357005
N_49,L,49,0.7799496054649353,0.20485636591911316,0.0032921433448791504,0.020982980728149414,N,-0.335986030735824
N_49,M,49,0.5895201563835144,0.15837033092975616,0.0018743276596069336,0.01254040002822876,N,-0.439306544086112
N_49,Q,49,0.6556105613708496,0.19322609901428223,0.0023235678672790527,0.018668174743652344,N,-0.0248418509154615
N_49,R,49,0.7597768902778625,0.210525780916214,0.003124833106994629,0.022160470485687256,N,-0.420871596084179
N_49,S,49,0.5791847109794617,0.1731194704771042,0.0018116235733032227,0.014985144138336182,N,-0.0587208574826376
N_49,T,49,0.6191707253456116,0.17848840355873108,0.0020707249641418457,0.015929102897644043,N,-0.0688127713720616
N_49,V,49,0.7314658761024475,0.19093281030654907,0.002895057201385498,0.01822751760482788,N,-0.238885421340194
N_49,Y,49,0.660523533821106,0.1699010133743286,0.002358734607696533,0.014433145523071289,N,-0.33102393333329
Y_50,C,50,0.682864248752594,0.18664725124835968,0.0025220513343811035,0.01741844415664673,Y,-0.737609793821853
Y_50,F,50,0.4226994514465332,0.1110958531498909,0.0009570717811584473,0.006171047687530518,Y,-0.15348475173178
Y_50,H,50,0.5642814636230469,0.16206084191799164,0.0017176270484924316,0.013131856918334961,Y,0.0697678242124064
Y_50,I,50,0.8411163091659546,0.24375471472740173,0.0038320422172546387,0.029708147048950195,Y,-0.867126881036096
Y_50,K,50,0.8338267207145691,0.2397700846195221,0.0037664175033569336,0.028744757175445557,Y,-0.943146808519088
Y_50,L,50,0.8273178935050964,0.23885656893253326,0.003706216812133789,0.0285261869430542,Y,-0.656886640686123
Y_50,N,50,0.7135452032089233,0.1932549774646759,0.002752840518951416,0.01867365837097168,Y,-0.890798758893856
Y_50,Q,50,0.8035807013511658,0.23037602007389069,0.0034963488578796387,0.02653670310974121,Y,-0.60675738660482
Y_50,R,50,0.88819420337677,0.2611161768436432,0.004273653030395508,0.03409075736999512,Y,-0.487398087099366
Y_50,S,50,0.8352693915367126,0.22972236573696136,0.003778994083404541,0.026386141777038574,Y,-0.875942800063411
Y_50,T,50,0.9034897685050964,0.2589588761329651,0.00442272424697876,0.03352987766265869,Y,-0.935963446216285
Y_50,V,50,0.8943190574645996,0.26606395840644836,0.004333019256591797,0.035395026206970215,Y,-0.689081909842623
V_51,A,51,0.6640212535858154,0.1461395025253296,0.002382993698120117,0.010678291320800781,V,-0.110545772463295
V_51,D,51,0.5064889192581177,0.11043938249349594,0.0013800263404846191,0.00609821081161499,V,-0.903405067214092
V_51,E,51,0.5055485367774963,0.11411593854427338,0.0013765692710876465,0.006511390209197998,V,-0.91373321693479
V_51,F,51,0.8812531232833862,0.20908977091312408,0.004208266735076904,0.02185922861099243,V,-0.563872734847631
V_51,G,51,0.653950035572052,0.14670567214488983,0.0023112893104553223,0.0107613205909729,V,-0.39714106249572
V_51,I,51,0.411319375038147,0.09244230389595032,0.0009063482284545898,0.004272878170013428,V,-0.0765989783960979
V_51,L,51,0.7406176924705505,0.16052143275737762,0.002968311309814453,0.012883186340332031,V,-0.580943604023802
V_51,N,51,0.5248594880104065,0.1293981522321701,0.0014859437942504883,0.008372128009796143,V,-0.616753945460119
V_51,P,51,0.5347312688827515,0.11632589250802994,0.0015416145324707031,0.006765544414520264,V,-0.450800827205749
V_51,S,51,0.6666929125785828,0.15685340762138367,0.0024024248123168945,0.012301445007324219,V,-0.150927602342941
V_51,T,51,0.6100578904151917,0.1472230851650238,0.0020108819007873535,0.010837197303771973,V,-0.140839504293186
V_51,Y,51,0.7216082811355591,0.16608606278896332,0.002817392349243164,0.013792216777801514,V,-0.773170637112746
T_52,A,52,0.42971864342689514,0.08335787802934647,0.00099104642868042,0.003473937511444092,T,0.0190666610853826
T_52,D,52,0.6395291686058044,0.13525253534317017,0.002209603786468506,0.009146392345428467,T,-0.0679806396415207
T_52,F,52,0.6043926477432251,0.11628272384405136,0.001973390579223633,0.006760537624359131,T,-0.0944631901085669
T_52,I,52,0.49329131841659546,0.08339574187994003,0.0013085603713989258,0.003477156162261963,T,-0.141747081185162
T_52,K,52,0.6378676295280457,0.11303810030221939,0.0021979212760925293,0.006388723850250244,T,0.0200203725217439
T_52,M,52,0.47048860788345337,0.07762555778026581,0.001188516616821289,0.00301283597946167,T,-0.165343345823698
T_52,N,52,0.48851367831230164,0.09740717709064484,0.0012844204902648926,0.004743814468383789,T,-0.038910879297364
T_52,P,52,0.6020251512527466,0.13247495889663696,0.0019576549530029297,0.008774638175964355,T,-0.842975483047615
T_52,R,52,0.6372685432434082,0.11138965934515,0.0021955370903015137,0.006203591823577881,T,0.0609045831307388
T_52,S,52,0.36402037739753723,0.07030105590820312,0.000708162784576416,0.002470850944519043,T,-0.0225075750283786
T_52,V,52,0.4850391447544098,0.09393580257892609,0.0012649893760681152,0.004411756992340088,T,-0.097022073701256
T_52,Y,52,0.5929850339889526,0.11141809076070786,0.0018985271453857422,0.006206631660461426,T,-0.0007403697309366
P_53,A,53,0.4991936683654785,0.12515059113502502,0.0013421177864074707,0.007831156253814697,P,-0.0399741165687163
P_53,D,53,0.6129370331764221,0.14777453243732452,0.002028822898864746,0.010918617248535156,P,0.0169365322025785
P_53,F,53,0.6975988149642944,0.1604708880186081,0.0026319026947021484,0.012875497341156006,P,-0.016769903558073
P_53,H,53,0.5552143454551697,0.13764294981956482,0.0016633868217468262,0.009472787380218506,P,0.0081531037418191
P_53,I,53,0.6674039959907532,0.1674729883670807,0.0024077296257019043,0.014023363590240479,P,-0.0797139223183252
P_53,L,53,0.6523017287254333,0.15677347779273987,0.002299070358276367,0.012288987636566162,P,-0.0036568904968526
P_53,N,53,0.5480413436889648,0.1397331804037094,0.001620173454284668,0.00976252555847168,P,-0.0707220522590921
P_53,Q,53,0.5432596802711487,0.13495023548603058,0.0015925168991088867,0.0091056227684021,P,-0.0017279167979646
P_53,R,53,0.5848031640052795,0.14374671876430511,0.0018464326858520508,0.010331332683563232,P,-0.0506491095227347
P_53,S,53,0.4847610592842102,0.12488862127065659,0.0012639164924621582,0.007798433303833008,P,-0.0174006331908976
P_53,T,53,0.5344042778015137,0.1451229304075241,0.0015404820442199707,0.010530352592468262,P,-0.01337915495725
P_53,V,53,0.6361188292503357,0.16353553533554077,0.002186298370361328,0.013372063636779785,P,-0.232086981165298
P_53,Y,53,0.6727016568183899,0.1573539674282074,0.0024467110633850098,0.012380123138427734,P,0.00591164687501
V_54,A,54,0.4694383144378662,0.11984723806381226,0.0011829733848571777,0.007181525230407715,V,-0.147804469706027
V_54,D,54,0.7097036242485046,0.16440249979496002,0.002724945545196533,0.013513922691345215,V,-0.0299010625616292
V_54,E,54,0.7354168891906738,0.1717965304851532,0.0029273033142089844,0.014756739139556885,V,-0.0475250508170321
V_54,F,54,0.5764201283454895,0.14380934834480286,0.0017929673194885254,0.010340332984924316,V,-0.0067046814812891
V_54,G,54,0.6143112778663635,0.14241500198841095,0.002035975456237793,0.010140955448150635,V,-0.125159108725833
V_54,I,54,0.2900826632976532,0.06408511847257614,0.0004450678825378418,0.002053201198577881,V,-0.004685414113969
V_54,K,54,0.6768613457679749,0.15495285391807556,0.0024761557579040527,0.012004852294921875,V,-0.0703048498177943
V_54,L,54,0.4330676794052124,0.10477857291698456,0.0010072588920593262,0.005488991737365723,V,-0.0341005925144016
V_54,M,54,0.35699233412742615,0.08451692014932632,0.000680088996887207,0.0035712718963623047,V,-0.0376376655205857
V_54,P,54,0.6211466789245605,0.1882917433977127,0.002084493637084961,0.017726659774780273,V,-0.0836211876872631
V_54,Q,54,0.6032738089561462,0.14409413933753967,0.0019651055335998535,0.010381162166595459,V,-0.0881435396586169
V_54,S,54,0.579188346862793,0.1468759924173355,0.0018101930618286133,0.010786056518554688,V,-0.0361994123881361
V_54,T,54,0.4635993540287018,0.1146918311715126,0.001154482364654541,0.006577134132385254,V,-0.0426268504635555
N_55,C,55,0.3841766119003296,0.07597117125988007,0.000789344310760498,0.002885580062866211,N,-0.0740982341389369
N_55,D,55,0.3607039153575897,0.08352777361869812,0.0006936788558959961,0.0034883618354797363,N,-0.006313659450141
N_55,E,55,0.42687153816223145,0.10693822801113129,0.0009772777557373047,0.005717813968658447,N,0.116172760074771
N_55,F,55,0.4925246238708496,0.09890971332788467,0.0013067126274108887,0.004891514778137207,N,-0.0870442882861097
N_55,G,55,0.43831223249435425,0.0951949805021286,0.0010302066802978516,0.004530668258666992,N,-0.0649035073404722
N_55,H,55,0.3462698459625244,0.07209257036447525,0.0006388425827026367,0.002598583698272705,N,-0.0500668354589569
N_55,I,55,0.4701398015022278,0.10071446746587753,0.0011890530586242676,0.0050716400146484375,N,-0.0675039188236935
N_55,K,55,0.4136872887611389,0.09638272225856781,0.0009176731109619141,0.0046446919441223145,N,-0.03533967638671
N_55,R,55,0.43781381845474243,0.10117298364639282,0.0010277628898620605,0.005117952823638916,N,-0.249800277645559
N_55,S,55,0.32783791422843933,0.0727134421467781,0.0005703568458557129,0.0026436448097229004,N,-0.0598627516269504
N_55,T,55,0.35255783796310425,0.07643654942512512,0.0006612539291381836,0.0029213428497314453,N,0.0028176772678314
N_55,V,55,0.47928586602211,0.10784643888473511,0.0012366175651550293,0.0058155059814453125,N,0.0429804438250682
N_55,Y,55,0.4490632712841034,0.09159979224205017,0.0010831356048583984,0.004194974899291992,N,-0.0422078735345145
