WT,Mut,Pos,global_analysis_euclidean,positional_analysis_euclidean,global_analysis_cosine,positional_analysis_cosine,WT_AA,fitness
T_0,C,1,0.10988836735486984,0.19413764774799347,0.0005072951316833496,0.1445624828338623,Y,-0.0066955048593111
T_0,F,1,0.19216863811016083,0.23364850878715515,0.0012646913528442383,0.15306049585342407,Y,-0.0177426498938634
T_0,H,1,0.09734760969877243,0.18721655011177063,0.00045239925384521484,0.140275239944458,Y,0.0253124801849799
T_0,I,1,0.12452910840511322,0.21747297048568726,0.000625908374786377,0.14405304193496704,Y,-0.0241322455070473
T_0,K,1,0.13150635361671448,0.21661804616451263,0.000751793384552002,0.14978379011154175,Y,-0.0939636352759183
T_0,L,1,0.15140248835086823,0.25012728571891785,0.0009471774101257324,0.14723896980285645,Y,0.083427598552221
T_0,N,1,0.10061516612768173,0.2070300579071045,0.000509798526763916,0.14553755521774292,Y,-0.0350803024114652
T_0,Q,1,0.09709163755178452,0.21981126070022583,0.0005359649658203125,0.13964438438415527,Y,0.0092797882562259
T_0,R,1,0.14019820094108582,0.24437685310840607,0.0008981823921203613,0.14919745922088623,Y,0.0549728961659563
T_0,S,1,0.0747900977730751,0.20959727466106415,0.00038123130798339844,0.13930732011795044,Y,0.0446245874948195
Y_1,A,2,0.2536264657974243,0.23556602001190186,0.0019518136978149414,0.13826000690460205,V,-0.0343464699036987
Y_1,D,2,0.2726019620895386,0.23972007632255554,0.002238750457763672,0.13898307085037231,V,-0.866214751400859
Y_1,E,2,0.2700684368610382,0.24123315513134003,0.002475738525390625,0.13698673248291016,V,-0.707858227731396
Y_1,F,2,0.1111774891614914,0.175380676984787,0.0004375576972961426,0.13748931884765625,V,-0.0529429198591239
Y_1,G,2,0.292052298784256,0.24860388040542603,0.0022112131118774414,0.13592076301574707,V,-0.356312010716944
Y_1,I,2,0.21390846371650696,0.2308720350265503,0.0017083287239074707,0.1409444808959961,V,-0.407883344882388
Y_1,L,2,0.20601218938827515,0.2384544163942337,0.0015316009521484375,0.14351248741149902,V,-0.274042775277583
Y_1,N,2,0.22948454320430756,0.21882861852645874,0.0016033053398132324,0.1352972388267517,V,-0.58250666642451
Y_1,P,2,0.2712000012397766,0.2433442920446396,0.0022486448287963867,0.13678628206253052,V,-0.217978241360559
Y_1,S,2,0.23295995593070984,0.23216931521892548,0.0017668604850769043,0.13756287097930908,V,-0.0573686492785577
Y_1,T,2,0.21975386142730713,0.24072995781898499,0.001797020435333252,0.12142801284790039,V,-0.193724588528237
Y_1,Y,2,0.0,0.0,-1.2874603271484375e-05,0.1418662667274475,V,-0.068717802817143
V_2,E,3,0.2797197699546814,0.21819165349006653,0.0018182992935180664,0.17360645532608032,Q,0.0547074958792035
V_2,H,3,0.26373088359832764,0.22669075429439545,0.0018970966339111328,0.17726993560791016,Q,-0.0948291468841251
V_2,K,3,0.2680857479572296,0.21301811933517456,0.001751720905303955,0.17600619792938232,Q,-0.016600049861428
V_2,L,3,0.24463596940040588,0.262407124042511,0.0019087791442871094,0.1878475546836853,Q,-0.166367096716935
V_2,M,3,0.19833631813526154,0.24200895428657532,0.0014257431030273438,0.18429231643676758,Q,-0.53278461142698
V_2,N,3,0.2657974362373352,0.19993267953395844,0.001712799072265625,0.16628801822662354,Q,-0.0740081280884374
V_2,P,3,0.29276296496391296,0.20573315024375916,0.0020273923873901367,0.1710660457611084,Q,-0.820586738527608
V_2,R,3,0.3085551857948303,0.23534268140792847,0.002352476119995117,0.1790313720703125,Q,0.0027504970289162
V_2,T,3,0.25196582078933716,0.24738065898418427,0.001831352710723877,0.18484187126159668,Q,-0.0730522507605184
V_2,W,3,0.25115951895713806,0.18089988827705383,0.0014386773109436035,0.16735637187957764,Q,-0.120824609334217
V_2,Y,3,0.37746867537498474,0.285844624042511,0.0038207173347473145,0.16968470811843872,Q,-0.0965722103549573
Q_3,D,4,0.26203569769859314,0.26377633213996887,0.0019240975379943848,0.19340777397155762,A,-0.645002678679798
Q_3,E,4,0.20261558890342712,0.22569605708122253,0.0012087225914001465,0.19967889785766602,A,0.0064976496501479
Q_3,G,4,0.27687975764274597,0.24176473915576935,0.0016647577285766602,0.1916632056236267,A,-0.102275939247814
Q_3,I,4,0.2826959192752838,0.2673378586769104,0.0022085905075073242,0.18116074800491333,A,-0.860838416953574
Q_3,P,4,0.2568040192127228,0.23162896931171417,0.0015395283699035645,0.19583016633987427,A,-0.655987114361892
Q_3,S,4,0.21246367692947388,0.24475890398025513,0.0012524724006652832,0.18928492069244385,A,-0.190550991523298
Q_3,T,4,0.22695206105709076,0.27594080567359924,0.001786351203918457,0.1856566071510315,A,-0.481092383931381
Q_3,V,4,0.2872438430786133,0.2803530693054199,0.0022736191749572754,0.16462594270706177,A,-0.774953077310159
A_4,C,5,0.27971354126930237,0.27809882164001465,0.0016818046569824219,0.2914518117904663,L,-0.0211774962228177
A_4,F,5,0.36073750257492065,0.2623765468597412,0.0023989081382751465,0.2942088842391968,L,-0.332851806076119
A_4,H,5,0.2645600140094757,0.19724851846694946,0.001233518123626709,0.2869179844856262,L,-0.293640927319344
A_4,I,5,0.34571573138237,0.30367180705070496,0.002580106258392334,0.2870599031448364,L,-0.075825322110747
A_4,N,5,0.29695579409599304,0.23705096542835236,0.0016230940818786621,0.2838168740272522,L,-0.132995322424865
A_4,P,5,0.2941887080669403,0.2579391598701477,0.001701653003692627,0.3055990934371948,L,-0.705604433689829
A_4,Q,5,0.26653990149497986,0.2098838835954666,0.0012954473495483398,0.27631676197052,L,-0.248958903023244
A_4,S,5,0.268098920583725,0.28581103682518005,0.0016852617263793945,0.2970547676086426,L,-0.450917319548748
A_4,Y,5,0.35853683948516846,0.2430294156074524,0.002234518527984619,0.28342384099960327,L,-0.180163736737033
L_5,A,6,0.44073402881622314,0.30353227257728577,0.002241373062133789,0.26989513635635376,F,-0.928709107651643
L_5,C,6,0.39514848589897156,0.27323824167251587,0.0017114877700805664,0.29135942459106445,F,-0.685636340431685
L_5,H,6,0.41722992062568665,0.284009724855423,0.001980304718017578,0.29262834787368774,F,-0.263539927798476
L_5,I,6,0.3606374263763428,0.27247631549835205,0.0011510848999023438,0.29190754890441895,F,-0.848911093453907
L_5,L,6,0.0,0.0,-1.2874603271484375e-05,0.2837646007537842,F,-0.694280470285229
L_5,N,6,0.4698554575443268,0.3050617575645447,0.0026980042457580566,0.2992236614227295,F,-0.667562409177194
L_5,S,6,0.4521220624446869,0.2987107038497925,0.0023880600929260254,0.2859424352645874,F,-0.68643399973902
L_5,T,6,0.46903595328330994,0.3332446813583374,0.0023136138916015625,0.3050518035888672,F,-0.73455522813522
L_5,V,6,0.4013157784938812,0.3046751320362091,0.001489400863647461,0.289429247379303,F,-0.831962923256011
L_5,Y,6,0.45608755946159363,0.2943323850631714,0.0023339390754699707,0.27872705459594727,F,-0.0074448994899027
F_6,C,7,0.43087247014045715,0.2460101693868637,0.002027750015258789,0.2608492374420166,D,-0.204309784635068
F_6,E,7,0.5264809131622314,0.2732277512550354,0.0031495094299316406,0.24225658178329468,D,-0.178285894203203
F_6,F,7,0.0,0.0,-1.2874603271484375e-05,0.25077033042907715,D,-0.668696872430188
F_6,G,7,0.47844064235687256,0.2670753300189972,0.0027826428413391113,0.2617890238761902,D,-0.231819063781906
F_6,H,7,0.4252045154571533,0.251934289932251,0.0018497705459594727,0.2588871717453003,D,-0.124469476595555
F_6,I,7,0.4731537997722626,0.27177488803863525,0.002348959445953369,0.2587360739707947,D,-0.743256015523057
F_6,N,7,0.4828590154647827,0.27880194783210754,0.0024853944778442383,0.24764633178710938,D,-0.0184602050207134
F_6,Q,7,0.5462362766265869,0.2938922047615051,0.0031018853187561035,0.25985586643218994,D,-0.0676088966640766
F_6,R,7,0.5466755032539368,0.28162989020347595,0.0032988786697387695,0.25807279348373413,D,-0.137698798416966
F_6,S,7,0.5443406701087952,0.3099411129951477,0.0030234456062316895,0.26432013511657715,D,-0.123991168445273
F_6,T,7,0.5091596841812134,0.27749574184417725,0.0027957558631896973,0.2556226849555969,D,-0.434409088632542
F_6,V,7,0.5309408903121948,0.29307684302330017,0.0029149651527404785,0.2568150758743286,D,-0.665852138004372
F_6,Y,7,0.3296308219432831,0.21830426156520844,0.0010223984718322754,0.24871045351028442,D,-0.486307375366474
D_7,A,8,0.4883941411972046,0.3327658772468567,0.0031768083572387695,0.2822161912918091,F,-0.88841032105969
D_7,C,8,0.4375150799751282,0.27827906608581543,0.0026618242263793945,0.27672702074050903,F,-0.859317762069028
D_7,H,8,0.44212692975997925,0.29042091965675354,0.0026051998138427734,0.28606992959976196,F,-0.922802261523876
D_7,I,8,0.42802178859710693,0.2674626410007477,0.002455294132232666,0.2729915976524353,F,-0.869289621595611
D_7,L,8,0.5262646079063416,0.3284992277622223,0.0038444995880126953,0.27618134021759033,F,-0.718109060305384
D_7,M,8,0.40618401765823364,0.2646741271018982,0.0021888017654418945,0.27081096172332764,F,-0.811205870036584
D_7,N,8,0.36730819940567017,0.27390870451927185,0.0015731453895568848,0.2947733402252197,F,-0.834029057006239
D_7,P,8,0.5206530094146729,0.3243018686771393,0.0035985708236694336,0.28366774320602417,F,-0.932933729329504
D_7,S,8,0.4827631711959839,0.32461807131767273,0.002964496612548828,0.28448885679244995,F,-0.801401048136989
D_7,T,8,0.4836823642253876,0.32057270407676697,0.0030782222747802734,0.28166794776916504,F,-0.944116357458644
D_7,V,8,0.49551382660865784,0.324499249458313,0.0032492876052856445,0.2749990224838257,F,-0.928359995953799
D_7,Y,8,0.4536479711532593,0.26160359382629395,0.002795994281768799,0.26748764514923096,F,-0.774124958577862
F_8,A,9,0.49525049328804016,0.2860848009586334,0.003038167953491211,0.30103546380996704,D,-0.0102158915372137
F_8,E,9,0.49206045269966125,0.26374202966690063,0.003053605556488037,0.2992076873779297,D,0.033614814303379
F_8,F,9,0.0,0.0,-1.2874603271484375e-05,0.321323037147522,D,-0.0347465513668524
F_8,G,9,0.5283602476119995,0.2924313247203827,0.0035606026649475098,0.30286306142807007,D,-0.128332963720609
F_8,H,9,0.44122475385665894,0.26213958859443665,0.0021876096725463867,0.3095066547393799,D,-0.242323647308906
F_8,I,9,0.4809481203556061,0.29521989822387695,0.0026887059211730957,0.3122059106826782,D,0.0082580002935434
F_8,K,9,0.499774694442749,0.27681469917297363,0.0031329989433288574,0.3010815382003784,D,-0.0606089199818322
F_8,L,9,0.47435450553894043,0.2775372564792633,0.0026724934577941895,0.3172789216041565,D,-0.159454520341629
F_8,N,9,0.4350931942462921,0.25307634472846985,0.002318263053894043,0.31249338388442993,D,-0.0403527631661294
F_8,S,9,0.48557040095329285,0.3032686710357666,0.0027801990509033203,0.3062193989753723,D,0.0762799000311464
F_8,T,9,0.4778074622154236,0.2920942008495331,0.0027132630348205566,0.304085910320282,D,0.002045696652988
F_8,V,9,0.47480887174606323,0.2794964611530304,0.002665579319000244,0.3141253590583801,D,-0.0215468437377153
F_8,Y,9,0.3520285487174988,0.2555845081806183,0.0011861920356750488,0.3090311288833618,D,-0.059590791933151
D_9,A,10,0.3283475637435913,0.2969822883605957,0.0018699169158935547,0.25870752334594727,P,-0.0346055659765784
D_9,D,10,0.0,0.0,-1.2874603271484375e-05,0.27261602878570557,P,-0.0697504134052782
D_9,F,10,0.3822977542877197,0.2861372232437134,0.0025093555450439453,0.23238861560821533,P,-0.605030218077751
D_9,H,10,0.2994462549686432,0.26479363441467285,0.0015912055969238281,0.24917131662368774,P,-0.284261518355758
D_9,I,10,0.3596431016921997,0.29910367727279663,0.0022412538528442383,0.2570505142211914,P,-0.0981949787659769
D_9,L,10,0.38148343563079834,0.3163781464099884,0.0025426149368286133,0.2550652027130127,P,-0.405983534738583
D_9,N,10,0.22258707880973816,0.26007455587387085,0.0010304450988769531,0.255216121673584,P,-0.20257019282276
D_9,Q,10,0.2956383526325226,0.28653544187545776,0.0016164779663085938,0.25516819953918457,P,-0.0916245157164803
D_9,R,10,0.374584823846817,0.30598828196525574,0.0023888349533081055,0.25381243228912354,P,-0.205680863679781
D_9,S,10,0.3090982735157013,0.2935166656970978,0.0016872286796569824,0.26142239570617676,P,-0.201482837743486
D_9,T,10,0.31978994607925415,0.30909430980682373,0.0018323659896850586,0.26059746742248535,P,-0.19854458580621
D_9,Y,10,0.37493517994880676,0.27798986434936523,0.002310454845428467,0.24638515710830688,P,-0.240831351252995
P_10,E,11,0.34045979380607605,0.30095621943473816,0.0024201273918151855,0.25205594301223755,Q,0.0996868920220838
P_10,H,11,0.3062615990638733,0.27140915393829346,0.0019450783729553223,0.24856245517730713,Q,-0.163446029796336
P_10,K,11,0.34764957427978516,0.3018485903739929,0.0026074647903442383,0.2508198618888855,Q,-0.0680278013019811
P_10,L,11,0.3533947467803955,0.30329594016075134,0.0024167895317077637,0.2754564881324768,Q,0.0566160514164223
P_10,M,11,0.2995881736278534,0.2752115726470947,0.0019001960754394531,0.25169533491134644,Q,0.0794977539391815
P_10,P,11,0.0,0.0,-1.2874603271484375e-05,0.2767537832260132,Q,-0.707550826904712
P_10,R,11,0.3680422902107239,0.32686087489128113,0.0029213428497314453,0.2716037631034851,Q,-0.210005222870492
P_10,T,11,0.3302737772464752,0.31142085790634155,0.0023134350776672363,0.2772604823112488,Q,-0.373747854084636
P_10,W,11,0.3396989107131958,0.25298309326171875,0.002264559268951416,0.242730975151062,Q,-0.333530660250807
P_10,Y,11,0.40578779578208923,0.29589539766311646,0.0030336976051330566,0.2435619831085205,Q,-0.2158033978195
Q_11,D,12,0.2912411689758301,0.2973824143409729,0.0016034841537475586,0.3000252842903137,E,-0.217670465635802
Q_11,G,12,0.31754958629608154,0.3168579638004303,0.0019225478172302246,0.2980766296386719,E,-0.492548583879664
Q_11,K,12,0.2162376493215561,0.2707820236682892,0.0010376572608947754,0.2975021004676819,E,-0.71229706689314
Q_11,L,12,0.2707464098930359,0.3046654164791107,0.0015406608581542969,0.2974451184272766,E,-0.832594377814568
Q_11,M,12,0.19250808656215668,0.2617734372615814,0.0008855462074279785,0.30256593227386475,E,-0.470635437718263
Q_11,N,12,0.23620492219924927,0.27616551518440247,0.0011821985244750977,0.2898538112640381,E,-0.462142534996597
Q_11,Q,12,0.0,0.0,-1.2874603271484375e-05,0.3053617477416992,E,-0.450113340096549
Q_11,R,12,0.24895071983337402,0.29012414813041687,0.0012494325637817383,0.29995232820510864,E,-0.848502439853477
Q_11,V,12,0.2642078101634979,0.3030877709388733,0.00144195556640625,0.3077593445777893,E,-0.466238051674219
Q_11,Y,12,0.329797625541687,0.2862231433391571,0.001983463764190674,0.29830169677734375,E,-0.466988096779527
E_12,A,13,0.3862665891647339,0.28866779804229736,0.0016962289810180664,0.2499566674232483,D,-0.930386863389912
E_12,E,13,0.0,0.0,-1.2874603271484375e-05,0.23717403411865234,D,-0.0089579272397749
E_12,F,13,0.4711264967918396,0.28957685828208923,0.003070235252380371,0.24578189849853516,D,-0.153983535583323
E_12,G,13,0.4390508234500885,0.3231217563152313,0.0021786093711853027,0.25471168756484985,D,-0.124406994160756
E_12,H,13,0.37718212604522705,0.24977906048297882,0.0017997026443481445,0.23370730876922607,D,-0.093824100564611
E_12,I,13,0.43054136633872986,0.2819127142429352,0.00232851505279541,0.24116528034210205,D,-0.158099840969532
E_12,K,13,0.4322662651538849,0.2780219614505768,0.002288639545440674,0.23127508163452148,D,-0.123179033474684
E_12,L,13,0.45349130034446716,0.2929958999156952,0.0025957822799682617,0.23989510536193848,D,-0.17565063253031
E_12,N,13,0.43486079573631287,0.306533545255661,0.0021305084228515625,0.24549293518066406,D,-0.0923562746668875
E_12,R,13,0.44859081506729126,0.29175716638565063,0.002476632595062256,0.23758673667907715,D,-0.106516473758046
E_12,S,13,0.44280701875686646,0.3057090640068054,0.0021283626556396484,0.24146270751953125,D,-0.12781401787518
E_12,V,13,0.4248127341270447,0.3057993948459625,0.0020873546600341797,0.2541691064834595,D,-0.12929195604902
E_12,Y,13,0.4662308692932129,0.28598901629447937,0.0029659271240234375,0.23886024951934814,D,-0.106758727048812
D_13,A,14,0.29122811555862427,0.27844589948654175,0.0017063617706298828,0.24904167652130127,G,-0.404710019868778
D_13,C,14,0.2887250781059265,0.2214241623878479,0.0015118718147277832,0.23636680841445923,G,-0.52230344115929
D_13,D,14,0.0,0.0,-1.2874603271484375e-05,0.244043231010437,G,0.217052243549272
D_13,E,14,0.17169755697250366,0.23252566158771515,0.0006679892539978027,0.22100144624710083,G,-0.123296462782398
D_13,I,14,0.35116109251976013,0.26638033986091614,0.0021958351135253906,0.24311292171478271,G,-0.928648108998652
D_13,K,14,0.3540706932544708,0.26579779386520386,0.0021437406539916992,0.24362701177597046,G,-0.464043017119992
D_13,L,14,0.39865121245384216,0.2837888300418854,0.0028058886528015137,0.2517055869102478,G,-0.807902627649516
D_13,Q,14,0.2742875814437866,0.25523850321769714,0.0013827681541442871,0.24016445875167847,G,-0.373758353633995
D_13,R,14,0.36624398827552795,0.2859206795692444,0.002391993999481201,0.2487921118736267,G,-0.536629178760861
D_13,S,14,0.2669772207736969,0.26079219579696655,0.0014060735702514648,0.24793213605880737,G,-0.391936241289311
D_13,V,14,0.3376390039920807,0.27066609263420105,0.002064347267150879,0.24848729372024536,G,-0.728565673313061
D_13,W,14,0.3083571493625641,0.21089372038841248,0.0016937255859375,0.234910786151886,G,-0.434520111952078
G_14,D,15,0.48371461033821106,0.3169282078742981,0.002801656723022461,0.2041616439819336,E,-0.770446005775836
G_14,G,15,0.0,0.0,-1.2874603271484375e-05,0.23343223333358765,E,-0.755372211098651
G_14,K,15,0.5079687237739563,0.3100943863391876,0.0034310221672058105,0.21068018674850464,E,-0.828984813966636
G_14,L,15,0.5289552211761475,0.3178601861000061,0.003812730312347412,0.2228108048439026,E,-0.679311036273962
G_14,M,15,0.44690385460853577,0.29540306329727173,0.00257265567779541,0.21906858682632446,E,-0.851686463995407
G_14,R,15,0.49253353476524353,0.3077225685119629,0.0031787753105163574,0.21884745359420776,E,-0.938426174398158
G_14,V,15,0.477337121963501,0.3038136959075928,0.003131389617919922,0.21646302938461304,E,-0.834085103725606
G_14,Y,15,0.49197474122047424,0.3034343421459198,0.0033110380172729492,0.21807420253753662,E,-0.766842975781114
E_15,A,16,0.4524322748184204,0.31799620389938354,0.003316223621368408,0.26919811964035034,L,-0.777217169436188
E_15,H,16,0.41445645689964294,0.30575793981552124,0.002794921398162842,0.2710959315299988,L,-1.05391142282611
E_15,I,16,0.42218831181526184,0.3226258456707001,0.003342866897583008,0.2785184979438782,L,-0.0142626760322809
E_15,K,16,0.37703678011894226,0.28425851464271545,0.002436399459838867,0.27398407459259033,L,-0.887208013512401
E_15,M,16,0.3713929057121277,0.28950950503349304,0.0025134682655334473,0.2732481360435486,L,-0.206654397255345
E_15,P,16,0.36265096068382263,0.2719310522079468,0.002440810203552246,0.2669069170951843,L,-0.762205588532333
E_15,Q,16,0.36928507685661316,0.29997408390045166,0.0023154020309448242,0.2853061556816101,L,-0.84475798809891
E_15,R,16,0.4010363221168518,0.29365378618240356,0.0028722286224365234,0.27555519342422485,L,-0.847840212790319
E_15,S,16,0.49312612414360046,0.34423238039016724,0.003919780254364014,0.2672237753868103,L,-0.796521616458624
E_15,T,16,0.47287827730178833,0.35089778900146484,0.00383913516998291,0.2779182195663452,L,-0.843949352520783
E_15,V,16,0.4702177047729492,0.3264836072921753,0.003817915916442871,0.27345091104507446,L,-0.172971801246655
E_15,W,16,0.29554346203804016,0.1975245177745819,0.0016472339630126953,0.26806384325027466,L,-0.945061679961484
L_16,A,17,0.2801298499107361,0.28500011563301086,0.00197523832321167,0.3097999095916748,G,-0.105745359476537
L_16,C,17,0.2112862765789032,0.22810888290405273,0.0011556744575500488,0.31667041778564453,G,-0.106854831939744
L_16,D,17,0.2800072431564331,0.22892045974731445,0.00179213285446167,0.2986699342727661,G,-0.1044437581215
L_16,F,17,0.2937881648540497,0.3262051045894623,0.002455413341522217,0.3314221501350403,G,-0.12892661978146
L_16,I,17,0.20090290904045105,0.2977314293384552,0.0014066696166992188,0.30728036165237427,G,-0.148009268390445
L_16,N,17,0.2519386112689972,0.2439807802438736,0.0015724897384643555,0.308732807636261,G,0.0003067321736154
L_16,R,17,0.2731148600578308,0.25319069623947144,0.0017791986465454102,0.30998265743255615,G,0.0465481211213356
L_16,S,17,0.25526756048202515,0.26302021741867065,0.0016311407089233398,0.30957329273223877,G,-0.0697222124843289
L_16,V,17,0.25847554206848145,0.3141235411167145,0.001974821090698242,0.31037187576293945,G,-0.133085525709277
L_16,Y,17,0.30630579590797424,0.2901929020881653,0.0021982192993164062,0.32570719718933105,G,-0.0212538494476757
G_17,H,18,0.2630646228790283,0.3127095103263855,0.00233614444732666,0.30808472633361816,F,-0.907786769841492
G_17,I,18,0.32477620244026184,0.33838990330696106,0.003195822238922119,0.3043767809867859,F,-0.290661895853038
G_17,L,18,0.3394932448863983,0.3513147830963135,0.0033821463584899902,0.2880880832672119,F,-0.143589320493117
G_17,N,18,0.2491234540939331,0.33714449405670166,0.0022596120834350586,0.30573147535324097,F,-0.67212214314261
G_17,P,18,0.29033970832824707,0.3425074815750122,0.002726316452026367,0.3194637894630432,F,-0.637008355870489
G_17,R,18,0.30687597393989563,0.35563260316848755,0.0032020211219787598,0.3242817521095276,F,-0.298297652285301
G_17,S,18,0.22312234342098236,0.33499619364738464,0.001951456069946289,0.31020182371139526,F,-0.79757828992294
G_17,T,18,0.2726386487483978,0.35510578751564026,0.002817094326019287,0.3076654076576233,F,-0.652273815275469
G_17,Y,18,0.34022819995880127,0.3082886040210724,0.003116130828857422,0.3062325119972229,F,-0.666362753929603
F_18,A,19,0.5496610999107361,0.31066635251045227,0.00577855110168457,0.41850900650024414,R,-0.255340894434094
F_18,C,19,0.39203548431396484,0.26400744915008545,0.003164947032928467,0.4230513572692871,R,-0.0191488820357311
F_18,D,19,0.3913043141365051,0.19801893830299377,0.003070354461669922,0.3987402319908142,R,-0.256320471682611
F_18,F,19,0.0,0.0,-1.2874603271484375e-05,0.3913668394088745,R,-0.256158112396043
F_18,G,19,0.431949645280838,0.22925491631031036,0.0036603212356567383,0.4048607349395752,R,-0.0559661576849971
F_18,H,19,0.29138121008872986,0.17919102311134338,0.0017802715301513672,0.40747785568237305,R,0.0115763996537982
F_18,I,19,0.5958249568939209,0.32379066944122314,0.00669097900390625,0.42408740520477295,R,-0.0562759138612254
F_18,L,19,0.5482432842254639,0.3593112528324127,0.00625985860824585,0.42212384939193726,R,-0.0359084277319804
F_18,N,19,0.3630053699016571,0.18935203552246094,0.0026314258575439453,0.40431249141693115,R,-0.0050569044032501
F_18,P,19,0.39287471771240234,0.2167077362537384,0.003135859966278076,0.41438043117523193,R,-0.836740020411849
F_18,Q,19,0.3818778693675995,0.19960087537765503,0.0028792619705200195,0.4054350256919861,R,0.0022638412107706
F_18,S,19,0.34410789608955383,0.2051130086183548,0.0024501681327819824,0.40645408630371094,R,0.0082886882971464
F_18,T,19,0.43535634875297546,0.23602072894573212,0.0036786794662475586,0.4039360284805298,R,0.0658670105422409
F_18,W,19,0.36803320050239563,0.20369593799114227,0.0026996731758117676,0.4052019715309143,R,0.0162996638673831
F_18,Y,19,0.2358434498310089,0.2291286438703537,0.0012883543968200684,0.41943973302841187,R,-0.0060800808254711
R_19,C,20,0.2171570509672165,0.22193461656570435,0.001188814640045166,0.3151280879974365,R,-0.0439377210058278
R_19,G,20,0.28534960746765137,0.28611862659454346,0.002007007598876953,0.3316587805747986,R,-0.138307226082061
R_19,H,20,0.186442568898201,0.24829427897930145,0.0010678768157958984,0.3306136131286621,R,-0.0321125666953246
R_19,K,20,0.15096549689769745,0.23332136869430542,0.0007755160331726074,0.3212675452232361,R,0.0517437250638467
R_19,L,20,0.2990521192550659,0.28662458062171936,0.0021605491638183594,0.3260270357131958,R,-0.0917570444737944
R_19,M,20,0.23189114034175873,0.23423877358436584,0.0013127923011779785,0.3233502507209778,R,-0.0417427195419563
R_19,P,20,0.2979772090911865,0.24293820559978485,0.0021210908889770508,0.3242133855819702,R,-0.474958100497102
R_19,Q,20,0.18552181124687195,0.2529127597808838,0.0009824633598327637,0.3191770315170288,R,-0.0058127584323322
R_19,S,20,0.23955564200878143,0.27913814783096313,0.0015241503715515137,0.3168855309486389,R,-0.150844256187388
R_19,T,20,0.2575550973415375,0.27781540155410767,0.0016983747482299805,0.3113597631454468,R,-0.0458897740405287
R_19,V,20,0.29411956667900085,0.27982211112976074,0.0021553635597229004,0.31901663541793823,R,0.023830153748153
R_19,W,20,0.23879820108413696,0.18318748474121094,0.0012704133987426758,0.31828951835632324,R,-0.2025812788782
R_20,C,21,0.2337328940629959,0.2321881502866745,0.0012969374656677246,0.2518383264541626,G,-0.229706066289425
R_20,D,21,0.396607905626297,0.3340016007423401,0.003322899341583252,0.27170848846435547,G,-0.0567316578062238
R_20,E,21,0.3604285418987274,0.31436800956726074,0.002807915210723877,0.2647251486778259,G,-0.297972185768152
R_20,I,21,0.33094701170921326,0.2989298105239868,0.002485215663909912,0.25438833236694336,G,-0.603260181984086
R_20,K,21,0.1747240424156189,0.24333521723747253,0.0008524060249328613,0.25590699911117554,G,-0.345658550285244
R_20,L,21,0.3428768217563629,0.3299033045768738,0.002632319927215576,0.25331586599349976,G,-0.534679608484332
R_20,Q,21,0.20765253901481628,0.2875860035419464,0.0012350082397460938,0.24565565586090088,G,-0.390589379375326
R_20,R,21,0.0,0.0,-1.2874603271484375e-05,0.23038160800933838,G,-0.319443862170287
R_20,S,21,0.29804617166519165,0.3127874433994293,0.0021488070487976074,0.2521023154258728,G,-0.0747118186556399
R_20,V,21,0.3285598158836365,0.30372682213783264,0.0024959444999694824,0.26042407751083374,G,-0.537175972278397
R_20,W,21,0.24712404608726501,0.2139396369457245,0.0013980865478515625,0.24866211414337158,G,-0.179075345479268
G_21,C,22,0.20958030223846436,0.1820303052663803,0.0011069774627685547,0.34195852279663086,D,-0.254483236001174
G_21,E,22,0.2912711799144745,0.23387278616428375,0.0020629167556762695,0.3496204614639282,D,-0.0338981735461335
G_21,F,22,0.2737005054950714,0.13920043408870697,0.0015783905982971191,0.334505558013916,D,-0.290592290713217
G_21,G,22,0.0,0.0,-1.2874603271484375e-05,0.33062946796417236,D,-0.631396578179899
G_21,H,22,0.21975840628147125,0.19682084023952484,0.0012934207916259766,0.3415663242340088,D,-0.321781352938163
G_21,I,22,0.27432796359062195,0.13611778616905212,0.0015659332275390625,0.33660197257995605,D,-0.802466744344354
G_21,K,22,0.22308124601840973,0.20509503781795502,0.0012819170951843262,0.3446526527404785,D,-0.641863867244382
G_21,L,22,0.2804785370826721,0.1824072003364563,0.0017437934875488281,0.34399843215942383,D,-0.80450980609848
G_21,N,22,0.24374814331531525,0.23017098009586334,0.0016227960586547852,0.34788447618484497,D,-0.154977820906033
G_21,S,22,0.19685634970664978,0.17511282861232758,0.0009880661964416504,0.34288400411605835,D,-0.186240522213195
G_21,V,22,0.2875765562057495,0.20970334112644196,0.0018775463104248047,0.3582521677017212,D,-0.450409727959648
G_21,Y,22,0.2528649568557739,0.1363043189048767,0.0013676881790161133,0.33393698930740356,D,-0.280394587629551
D_22,A,23,0.30938684940338135,0.3245258331298828,0.0034963488578796387,0.29089778661727905,F,-0.0137002037044509
D_22,C,23,0.2408050000667572,0.20788772404193878,0.0017275214195251465,0.2777085304260254,F,-0.0212961343788333
D_22,G,23,0.28303322196006775,0.23022054135799408,0.002192378044128418,0.27152323722839355,F,-0.206480457747654
D_22,H,23,0.23392222821712494,0.22885172069072723,0.0017520785331726074,0.2831718325614929,F,-0.0755448368552069
D_22,I,23,0.30293044447898865,0.2577493190765381,0.002621293067932129,0.27887678146362305,F,0.0179990343768785
D_22,L,23,0.33621466159820557,0.2989039421081543,0.003402531147003174,0.2788732051849365,F,0.002359632835279
D_22,N,23,0.21359559893608093,0.25509148836135864,0.0015618205070495605,0.2812931537628174,F,-0.0933271514740889
D_22,P,23,0.26579025387763977,0.20057381689548492,0.0018754005432128906,0.2718961834907532,F,-0.109537936266499
D_22,S,23,0.2982853949069977,0.3003906011581421,0.003055870532989502,0.2751154899597168,F,-0.035147136209329
D_22,T,23,0.32282158732414246,0.321120023727417,0.0038707852363586426,0.281291127204895,F,0.0475172156129593
D_22,V,23,0.3265698254108429,0.29046308994293213,0.0034062862396240234,0.2752760052680969,F,-0.113674583066199
D_22,Y,23,0.29346105456352234,0.22274236381053925,0.0022379159927368164,0.28016334772109985,F,-0.0113608522316313
F_23,A,24,0.3483635485172272,0.2572995722293854,0.0034059882164001465,0.2563084363937378,I,-0.531573824137531
F_23,D,24,0.32540184259414673,0.24358312785625458,0.002835869789123535,0.2540304660797119,I,-0.594385891628704
F_23,F,24,0.0,0.0,-1.2874603271484375e-05,0.2745434045791626,I,-0.645368239059442
F_23,K,24,0.3430415391921997,0.2600938379764557,0.0036110877990722656,0.2617718577384949,I,-0.810436850274061
F_23,L,24,0.25789666175842285,0.2654140889644623,0.002109825611114502,0.27183103561401367,I,-0.176296745946968
F_23,M,24,0.259130597114563,0.26307234168052673,0.002132117748260498,0.26806414127349854,I,-0.638411735872329
F_23,N,24,0.29109254479408264,0.24647869169712067,0.0023716092109680176,0.26847875118255615,I,-0.827185408810741
F_23,R,24,0.35341665148735046,0.27739548683166504,0.004075467586517334,0.2577601671218872,I,-0.856611408129252
F_23,S,24,0.308442085981369,0.2672419846057892,0.002793550491333008,0.26000165939331055,I,-0.886899078677243
F_23,T,24,0.3175438642501831,0.2782886326313019,0.0031479597091674805,0.26502156257629395,I,-0.801316731426018
F_23,V,24,0.29930660128593445,0.28391870856285095,0.0028995275497436523,0.26335567235946655,I,-0.0655738884154691
F_23,Y,24,0.13149558007717133,0.20252491533756256,0.0007023811340332031,0.2599431276321411,I,-0.703625429104438
I_24,A,25,0.37286385893821716,0.37314724922180176,0.0041637420654296875,0.31991589069366455,H,-0.146680116237313
I_24,D,25,0.2621004283428192,0.23802658915519714,0.0017247200012207031,0.3015250563621521,H,0.056495238250037
I_24,E,25,0.2678149938583374,0.2417023479938507,0.0018158555030822754,0.30344146490097046,H,0.0905495259357376
I_24,F,25,0.43675094842910767,0.3978543281555176,0.005251288414001465,0.3124650716781616,H,0.0490865227198411
I_24,I,25,0.0,0.0,-1.2874603271484375e-05,0.2961037755012512,H,0.0083652124436852
I_24,K,25,0.23424090445041656,0.23240143060684204,0.0014511942863464355,0.30375075340270996,H,0.0425172972691376
I_24,L,25,0.3024287521839142,0.3709394931793213,0.0029928088188171387,0.3140680193901062,H,0.0135273787400885
I_24,N,25,0.23191145062446594,0.23150072991847992,0.0014264583587646484,0.298889696598053,H,-0.011076976627261
I_24,P,25,0.2739715874195099,0.23590198159217834,0.0018439888954162598,0.30562788248062134,H,-0.640522563167791
I_24,Q,25,0.25893867015838623,0.2588626444339752,0.0018287897109985352,0.3024698495864868,H,0.0026733865096271
I_24,R,25,0.2692122161388397,0.2514079213142395,0.0018772482872009277,0.30518805980682373,H,-0.0239690425118064
I_24,S,25,0.2740514576435089,0.2654726505279541,0.002009272575378418,0.3035866618156433,H,-0.050465103285704
I_24,T,25,0.21791674196720123,0.23973634839057922,0.0013475418090820312,0.3046379089355469,H,0.0974069109003582
I_24,Y,25,0.44207802414894104,0.3505093455314636,0.0049495697021484375,0.3148614764213562,H,-0.0072684420186749
H_25,A,26,0.22215835750102997,0.2597409188747406,0.0016358494758605957,0.3280080556869507,V,-0.55751876583758
H_25,C,26,0.17576037347316742,0.20254747569561005,0.0009925365447998047,0.3231756091117859,V,-0.0473136717740226
H_25,D,26,0.24613939225673676,0.2538025677204132,0.0020479559898376465,0.3347786068916321,V,-0.81322304178089
H_25,E,26,0.27297544479370117,0.24884922802448273,0.002308666706085205,0.3360706567764282,V,-0.737599893650638
H_25,F,26,0.2533355951309204,0.2272167205810547,0.00174027681350708,0.32294464111328125,V,-0.579825520751897
H_25,G,26,0.27721965312957764,0.2534448802471161,0.0020780563354492188,0.3308601379394531,V,-0.90705746763664
H_25,I,26,0.2593999207019806,0.2578580677509308,0.002054750919342041,0.31568342447280884,V,-0.0475090366448722
H_25,L,26,0.26120367646217346,0.2485916018486023,0.002024412155151367,0.33036530017852783,V,-0.0486458841543441
H_25,M,26,0.20074968039989471,0.23720307648181915,0.001353442668914795,0.33233946561813354,V,-0.34785291104365
H_25,N,26,0.17003270983695984,0.21701949834823608,0.001059114933013916,0.3300238847732544,V,-0.671419553892715
H_25,T,26,0.20665507018566132,0.24523529410362244,0.0014871954917907715,0.3211178779602051,V,-0.329489030971334
H_25,Y,26,0.2393287569284439,0.21009384095668793,0.0015981197357177734,0.3249901533126831,V,-0.44608345997328
V_26,A,27,0.3641776740550995,0.2983425259590149,0.0031054019927978516,0.25499844551086426,M,-0.140827657729214
V_26,E,27,0.32822155952453613,0.2327927052974701,0.002268493175506592,0.2533212900161743,M,0.0155035845753699
V_26,F,27,0.41169998049736023,0.32333889603614807,0.003741621971130371,0.25316011905670166,M,-0.0962581298490624
V_26,I,27,0.15153349936008453,0.23740078508853912,0.000808417797088623,0.255252480506897,M,-0.0488781535327859
V_26,K,27,0.3101247251033783,0.23754006624221802,0.002188444137573242,0.24829602241516113,M,-0.0426087156443839
V_26,L,27,0.3071988821029663,0.33231332898139954,0.0027373433113098145,0.2763999104499817,M,-0.0075743506913772
V_26,N,27,0.2962551414966583,0.23997437953948975,0.002030313014984131,0.23477619886398315,M,-0.0355568227023691
V_26,P,27,0.30719879269599915,0.21734225749969482,0.002035975456237793,0.2528645396232605,M,-0.71916098669297
V_26,R,27,0.34004920721054077,0.2549053430557251,0.0025344491004943848,0.2458171248435974,M,-0.0598240652087517
V_26,S,27,0.34594208002090454,0.270720511674881,0.0027489662170410156,0.24562495946884155,M,-0.0185359740290518
V_26,T,27,0.27988317608833313,0.25435981154441833,0.0019221901893615723,0.2466086745262146,M,0.0481901123869399
V_26,V,27,0.0,0.0,-1.2874603271484375e-05,0.24604010581970215,M,0.006477023058688
V_26,W,27,0.32445228099823,0.2026142030954361,0.0021008849143981934,0.2387179136276245,M,-0.0188600107877105
M_27,C,28,0.23646795749664307,0.2226255238056183,0.0013204216957092285,0.23101264238357544,D,-0.248416280234382
M_27,E,28,0.3216317892074585,0.26092666387557983,0.002322971820831299,0.23369532823562622,D,-0.059098976948531
M_27,F,28,0.32651036977767944,0.2561369240283966,0.0022140145301818848,0.24831342697143555,D,-0.432069394317696
M_27,G,28,0.3465733230113983,0.26826179027557373,0.0025004148483276367,0.22879528999328613,D,-0.321879516798645
M_27,H,28,0.231069877743721,0.23640012741088867,0.0014210343360900879,0.2406233549118042,D,-0.29743814617647
M_27,I,28,0.189016193151474,0.2642589807510376,0.0011309385299682617,0.22982847690582275,D,-0.378048966001183
M_27,K,28,0.3275848925113678,0.2516864538192749,0.00229489803314209,0.23649007081985474,D,-0.390193065807136
M_27,L,28,0.19180521368980408,0.2714281380176544,0.0011220574378967285,0.24577683210372925,D,-0.390168930650678
M_27,N,28,0.27574965357780457,0.24852949380874634,0.0018346309661865234,0.23436802625656128,D,-0.126326480308519
M_27,S,28,0.257919579744339,0.24944326281547546,0.0016301870346069336,0.23015838861465454,D,-0.289393478826333
M_27,V,28,0.1829848438501358,0.2657199203968048,0.0011100172996520996,0.20598697662353516,D,-0.299648833278739
M_27,Y,28,0.35907429456710815,0.25887301564216614,0.0025957226753234863,0.2492694854736328,D,-0.421955213618366
D_28,C,29,0.3898890018463135,0.2646755278110504,0.0023338794708251953,0.2538180351257324,N,-0.192891515890309
D_28,D,29,0.0,0.0,-1.2874603271484375e-05,0.2827834486961365,N,-0.0123713441317599
D_28,E,29,0.4177800416946411,0.29815298318862915,0.0022847652435302734,0.24746865034103394,N,-0.0122782679389543
D_28,F,29,0.504996657371521,0.29193276166915894,0.003997206687927246,0.24732178449630737,N,-0.0975060860850255
D_28,G,29,0.5228396654129028,0.35470348596572876,0.00386655330657959,0.2577363848686218,N,0.0340290910295845
D_28,I,29,0.44893690943717957,0.27714672684669495,0.0031345486640930176,0.2520865201950073,N,-0.163658726736471
D_28,K,29,0.5458269715309143,0.33102500438690186,0.004135251045227051,0.2474542260169983,N,-0.0535907439407429
D_28,R,29,0.602864146232605,0.3407837152481079,0.004897356033325195,0.24858468770980835,N,-0.0660742961133678
D_28,S,29,0.4803188741207123,0.31585243344306946,0.003074347972869873,0.258048415184021,N,0.0015931090489066
D_28,T,29,0.4814204275608063,0.32430869340896606,0.0033655762672424316,0.251273512840271,N,-0.0925452722930851
D_28,V,29,0.4970349669456482,0.3109898865222931,0.003727734088897705,0.25295233726501465,N,-0.106893388394201
D_28,Y,29,0.508166491985321,0.30228060483932495,0.003953337669372559,0.24847131967544556,N,-0.0556324330689617
N_29,A,30,0.2704426646232605,0.26617294549942017,0.001308441162109375,0.29615914821624756,S,-0.0717199905664198
N_29,E,30,0.3487570285797119,0.2880820035934448,0.002123594284057617,0.28049540519714355,S,-0.151809912879203
N_29,F,30,0.3881729543209076,0.2694030702114105,0.002495884895324707,0.29326462745666504,S,-0.202600840173978
N_29,I,30,0.3440658450126648,0.2746233344078064,0.0020166635513305664,0.2922453284263611,S,-0.170828094419444
N_29,K,30,0.3943260610103607,0.27959463000297546,0.0023925304412841797,0.2947242259979248,S,0.0125445413771141
N_29,L,30,0.3813106417655945,0.2988230288028717,0.002517521381378174,0.295906662940979,S,-0.121386120091453
N_29,P,30,0.3552616834640503,0.2787102162837982,0.0020495057106018066,0.28891849517822266,S,-0.647122622892651
N_29,Q,30,0.2916707396507263,0.27024343609809875,0.0013750195503234863,0.29468756914138794,S,-0.0953674494867263
N_29,R,30,0.3703777492046356,0.2796119451522827,0.002177000045776367,0.2928367257118225,S,-0.0119595830256168
N_29,T,30,0.2852223515510559,0.30490103363990784,0.0015294551849365234,0.31298571825027466,S,0.0024337139208038
N_29,Y,30,0.3611871898174286,0.26791149377822876,0.0020993947982788086,0.2989240884780884,S,-0.124972660821298
S_30,C,31,0.3491460382938385,0.2558515965938568,0.001252889633178711,0.3026936650276184,D,-0.486696042987322
S_30,E,31,0.4439694583415985,0.29760080575942993,0.0022965669631958008,0.29058152437210083,D,-0.531724254992469
S_30,F,31,0.52290940284729,0.28901100158691406,0.0033401846885681152,0.2954498529434204,D,-0.769645763373921
S_30,G,31,0.4289090931415558,0.30790066719055176,0.0018885135650634766,0.3110519051551819,D,-0.633342247455336
S_30,H,31,0.43102914094924927,0.30852195620536804,0.0020996928215026855,0.2913776636123657,D,-0.236630836013806
S_30,I,31,0.5224536061286926,0.3244791030883789,0.003056645393371582,0.30388331413269043,D,-0.601514732351855
S_30,K,31,0.41731661558151245,0.28212490677833557,0.0018898248672485352,0.30030912160873413,D,-0.732154496273447
S_30,N,31,0.35207462310791016,0.265754371881485,0.0012814998626708984,0.275299608707428,D,-0.100908632956359
S_30,S,31,0.0,0.0,-1.2874603271484375e-05,0.3146238923072815,D,-0.557002187390137
S_30,T,31,0.31381648778915405,0.26810866594314575,0.0007942318916320801,0.30784231424331665,D,-0.579155840382861
S_30,V,31,0.5418809652328491,0.35153529047966003,0.003169536590576172,0.3019087314605713,D,-0.764439911118795
S_30,Y,31,0.48356783390045166,0.28799259662628174,0.0028609633445739746,0.29615652561187744,D,-0.572902930257099
D_31,A,32,0.710117518901825,0.3487819731235504,0.0041120052337646484,0.2813258171081543,P,-0.012976905767464
D_31,C,32,0.5517138242721558,0.2791220545768738,0.002715587615966797,0.2815019488334656,P,-0.128991484716109
D_31,D,32,0.0,0.0,-1.2874603271484375e-05,0.30508655309677124,P,-0.0215557457712017
D_31,F,32,0.6832414269447327,0.3194444477558136,0.0045195817947387695,0.2831609845161438,P,-0.045859471170345
D_31,G,32,0.6971680521965027,0.3642304837703705,0.004110097885131836,0.28149157762527466,P,-0.168128566244735
D_31,H,32,0.6264470219612122,0.309646874666214,0.0031876564025878906,0.2899854779243469,P,-0.0634012185343392
D_31,I,32,0.6767842769622803,0.3262011706829071,0.004090785980224609,0.2823137044906616,P,-0.0943322261249699
D_31,K,32,0.6740062236785889,0.31626662611961365,0.003843367099761963,0.28315871953964233,P,0.023830153748153
D_31,L,32,0.7606285810470581,0.341998428106308,0.00517505407333374,0.28410446643829346,P,-0.0454658337910272
D_31,N,32,0.572725236415863,0.31056079268455505,0.0025266408920288086,0.290138304233551,P,-0.108987405263562
D_31,Q,32,0.6246917247772217,0.30571800470352173,0.003125786781311035,0.28598976135253906,P,-0.0208041704112435
D_31,S,32,0.6788274049758911,0.33355027437210083,0.0037127137184143066,0.25899624824523926,P,-0.0581822599877664
D_31,T,32,0.7260478138923645,0.35894158482551575,0.004261314868927002,0.28311049938201904,P,-0.101918627249046
D_31,Y,32,0.5930973291397095,0.287101149559021,0.0033415555953979492,0.29306209087371826,P,-0.104033874133821
P_32,C,33,0.45452791452407837,0.2448308765888214,0.002017199993133545,0.2664068937301636,N,-0.201352894625742
P_32,D,33,0.5682551264762878,0.2973581552505493,0.0030748844146728516,0.24492520093917847,N,0.0087085337425808
P_32,E,33,0.49813663959503174,0.27284830808639526,0.002372920513153076,0.2701568603515625,N,-0.279082304178433
P_32,F,33,0.5072060823440552,0.24764303863048553,0.002706170082092285,0.2727488875389099,N,-0.166336850753487
P_32,G,33,0.6301894783973694,0.3178240954875946,0.003700077533721924,0.2861403822898865,N,-0.317716416152269
P_32,H,33,0.46191421151161194,0.251819372177124,0.002015352249145508,0.2736538052558899,N,0.0077318341418131
P_32,I,33,0.45391547679901123,0.25361812114715576,0.002064824104309082,0.26977503299713135,N,-0.30951549587454
P_32,K,33,0.49898767471313477,0.257485032081604,0.002476215362548828,0.26753050088882446,N,-0.595407132365417
P_32,R,33,0.5029945969581604,0.27231448888778687,0.002448856830596924,0.28314512968063354,N,-0.380992643392712
P_32,S,33,0.4592891037464142,0.26687756180763245,0.0019559264183044434,0.2672416567802429,N,-0.269391028194106
P_32,T,33,0.46322929859161377,0.2630480229854584,0.0019745826721191406,0.2737559676170349,N,-0.315761272944697
P_32,V,33,0.44610413908958435,0.2521935999393463,0.0019378662109375,0.2728309631347656,N,-0.196294059168675
P_32,Y,33,0.5047585368156433,0.2564905881881714,0.0025995969772338867,0.2707347273826599,N,-0.109983387492821
N_33,C,34,0.4318028390407562,0.2576355040073395,0.0017144083976745605,0.24188220500946045,W,-0.808793999180512
N_33,E,34,0.537841796875,0.30068039894104004,0.0022463202476501465,0.24700868129730225,W,-0.791596574355048
N_33,F,34,0.4757232367992401,0.26248833537101746,0.0024138689041137695,0.24781405925750732,W,-0.753066422318474
N_33,G,34,0.6239255666732788,0.322761595249176,0.0033754706382751465,0.23987329006195068,W,-0.895963523614577
N_33,K,34,0.5191710591316223,0.2893347442150116,0.002299666404724121,0.23276734352111816,W,-0.871553469189672
N_33,L,34,0.5254964232444763,0.28049322962760925,0.002687990665435791,0.2505107522010803,W,-0.723934629206588
N_33,M,34,0.4032119810581207,0.24673737585544586,0.0014000535011291504,0.23514032363891602,W,-0.960085328965602
N_33,Q,34,0.44032368063926697,0.268336683511734,0.0015310049057006836,0.23558634519577026,W,-0.853874479580279
N_33,R,34,0.5431989431381226,0.28984588384628296,0.0025385022163391113,0.24620729684829712,W,-0.818484503220927
N_33,S,34,0.4141879379749298,0.2767174243927002,0.0013614296913146973,0.2422458529472351,W,-0.744259043166665
N_33,T,34,0.41913679242134094,0.27256956696510315,0.0013883113861083984,0.24184846878051758,W,-0.724649692447693
N_33,Y,34,0.41180339455604553,0.2274656891822815,0.0017767548561096191,0.24483102560043335,W,-0.910631302561274
W_34,C,35,0.45627960562705994,0.20284222066402435,0.0022406578063964844,0.3030603528022766,W,-0.376556659985886
W_34,F,35,0.6442000269889832,0.28181561827659607,0.004018187522888184,0.2938305735588074,W,-0.362413090221682
W_34,G,35,0.5372622013092041,0.21443846821784973,0.003353893756866455,0.29978495836257935,W,-0.580520323272989
W_34,K,35,0.48166874051094055,0.18997852504253387,0.0026904940605163574,0.3017774820327759,W,-0.65455093498039
W_34,L,35,0.6360424757003784,0.2766534388065338,0.0041626691818237305,0.3123708963394165,W,-0.271595874447453
W_34,M,35,0.47089076042175293,0.22128894925117493,0.002332627773284912,0.30382853746414185,W,-0.349300974453573
W_34,Q,35,0.4725401997566223,0.20026762783527374,0.002537846565246582,0.30104660987854004,W,-0.678809446367285
W_34,R,35,0.5396109819412231,0.23226886987686157,0.0031201839447021484,0.30134832859039307,W,-0.851483324335726
W_34,S,35,0.4880329966545105,0.21701456606388092,0.0026284456253051758,0.30371373891830444,W,-0.539680948597032
W_34,Y,35,0.6152245998382568,0.2858702838420868,0.003650844097137451,0.2974476218223572,W,-0.317829396299952
W_35,D,36,0.494683176279068,0.20323120057582855,0.0031371712684631348,0.23430722951889038,K,0.0112364007921262
W_35,E,36,0.4622359573841095,0.17379190027713776,0.0027769804000854492,0.2284458875656128,K,0.138154640249976
W_35,G,36,0.5526807308197021,0.23282161355018616,0.00390470027923584,0.2382878065109253,K,0.0249803949251753
W_35,I,36,0.820873498916626,0.3222752809524536,0.008609294891357422,0.2489175796508789,K,0.0728591565278234
W_35,L,36,0.8404780030250549,0.33365797996520996,0.009081900119781494,0.24852466583251953,K,0.0432475961923685
W_35,M,36,0.6578127145767212,0.27204662561416626,0.005479156970977783,0.2405991554260254,K,-0.145339111424234
W_35,N,36,0.5198867321014404,0.22081373631954193,0.0033857226371765137,0.23045998811721802,K,0.0348192403201665
W_35,Q,36,0.4926840364933014,0.20439648628234863,0.003031611442565918,0.23409652709960938,K,0.0905705389451486
W_35,R,36,0.49481871724128723,0.2072807401418686,0.0030213594436645508,0.22392451763153076,K,-0.0306849488706012
W_35,S,36,0.5960367918014526,0.26400116086006165,0.004682302474975586,0.24657762050628662,K,-0.0590266096243562
W_35,T,36,0.6225069165229797,0.2681341767311096,0.004940509796142578,0.2506229281425476,K,0.159799976737479
W_35,V,36,0.8405899405479431,0.3415268361568451,0.00916677713394165,0.24592852592468262,K,0.109089369068564
W_35,Y,36,0.7848343849182129,0.3246290981769562,0.007521510124206543,0.24475157260894775,K,0.0460222429043951
K_36,C,37,0.4408092498779297,0.2680669128894806,0.002303898334503174,0.2651234269142151,G,-0.782902627725633
K_36,D,37,0.5065008997917175,0.27933385968208313,0.0028804540634155273,0.25471991300582886,G,-0.648305230471057
K_36,E,37,0.5167884826660156,0.27643534541130066,0.003092944622039795,0.26287150382995605,G,-0.681727404225536
K_36,I,37,0.5138141512870789,0.2964169681072235,0.002976357936859131,0.26204097270965576,G,-0.631820680384872
K_36,L,37,0.5407328009605408,0.32072633504867554,0.0032137632369995117,0.26735037565231323,G,-0.832029098478028
K_36,R,37,0.3195866048336029,0.2366996854543686,0.0009602904319763184,0.267559289932251,G,-0.813608685169993
K_36,S,37,0.4615729749202728,0.29796770215034485,0.0023276805877685547,0.2512841820716858,G,-1.00287661019977
K_36,V,37,0.5222980976104736,0.30407461524009705,0.0030460357666015625,0.2683532238006592,G,-0.469320766990626
K_36,W,37,0.48122653365135193,0.2570730447769165,0.0028281211853027344,0.24859315156936646,G,-0.617820938455955
G_37,D,38,0.37870317697525024,0.20603010058403015,0.0024826526641845703,0.35503923892974854,A,-0.0079798973553889
G_37,E,38,0.3588259816169739,0.18020007014274597,0.002234220504760742,0.3518667221069336,A,-0.0173147061200174
G_37,F,38,0.5896908044815063,0.25849026441574097,0.005943119525909424,0.3475188612937927,A,-0.0695840671796613
G_37,G,38,0.0,0.0,-1.2874603271484375e-05,0.3427329659461975,A,0.0081853684160923
G_37,I,38,0.6961001753807068,0.2898023724555969,0.007803976535797119,0.3424082398414612,A,0.040215485840002
G_37,N,38,0.42769089341163635,0.19346201419830322,0.0030670762062072754,0.3506525158882141,A,-0.137216497208178
G_37,P,38,0.4058394134044647,0.17409080266952515,0.002898275852203369,0.3470621109008789,A,-0.806063886922101
G_37,S,38,0.4246576726436615,0.24841783940792084,0.0031498074531555176,0.37091654539108276,A,-0.032843780867271
G_37,T,38,0.4918999671936035,0.2643711566925049,0.004061102867126465,0.36770933866500854,A,-0.0684186041939348
G_37,V,38,0.7115638256072998,0.3300444781780243,0.008131206035614014,0.3555721044540405,A,-0.0742071054530274
A_38,F,39,0.34706583619117737,0.2581486999988556,0.0023296475410461426,0.36086374521255493,C,-0.132035863739472
A_38,G,39,0.22043024003505707,0.23578695952892303,0.0011709928512573242,0.3401477336883545,C,-0.421884191261949
A_38,H,39,0.23484660685062408,0.2614719867706299,0.0015450119972229004,0.3598136305809021,C,-0.0411184836382353
A_38,I,39,0.2684122920036316,0.2685874402523041,0.001759171485900879,0.35445547103881836,C,-0.0154241587801874
A_38,L,39,0.28087756037712097,0.2812806963920593,0.0018970966339111328,0.36322927474975586,C,-0.0858149140542376
A_38,N,39,0.24528613686561584,0.2773945927619934,0.0017941594123840332,0.35880887508392334,C,-0.126336520328505
A_38,R,39,0.2968682646751404,0.30102261900901794,0.002562403678894043,0.3633025884628296,C,-0.0799284997778673
A_38,S,39,0.16324563324451447,0.25805121660232544,0.0009725689888000488,0.3562481999397278,C,-0.0496219209728861
A_38,W,39,0.30884042382240295,0.22178462147712708,0.0019137859344482422,0.35243505239486694,C,-0.422218462821518
A_38,Y,39,0.34038978815078735,0.26394203305244446,0.0024155378341674805,0.36708515882492065,C,-0.199931194812579
C_39,C,40,0.0,0.0,-1.2874603271484375e-05,0.2624305486679077,H,-0.0404846827883447
C_39,D,40,0.2636604607105255,0.2601049542427063,0.001843869686126709,0.24202370643615723,H,-0.0063793274274731
C_39,E,40,0.2800905108451843,0.26613691449165344,0.0020548105239868164,0.24853867292404175,H,-0.0491581326965275
C_39,F,40,0.3040679097175598,0.27182266116142273,0.0022809505462646484,0.2664263844490051,H,-0.147906426133365
C_39,I,40,0.2803894877433777,0.28036513924598694,0.00206148624420166,0.24892300367355347,H,-0.347977847118518
C_39,K,40,0.32761573791503906,0.29580703377723694,0.003108501434326172,0.26543498039245605,H,-0.0207236304932211
C_39,L,40,0.2860274016857147,0.2859785556793213,0.002245306968688965,0.2653254270553589,H,-0.106262372297336
C_39,N,40,0.23894938826560974,0.2585628926753998,0.001629650592803955,0.26042622327804565,H,0.0184327463564134
C_39,P,40,0.2513953447341919,0.20543670654296875,0.0014406442642211914,0.242958664894104,H,-0.482544976246338
C_39,Q,40,0.24175827205181122,0.25668272376060486,0.0016831159591674805,0.252335786819458,H,-0.0214670282262424
C_39,R,40,0.29596999287605286,0.2825677692890167,0.002435147762298584,0.25408244132995605,H,-0.090804497670323
C_39,S,40,0.18664903938770294,0.24484869837760925,0.00105363130569458,0.2602112889289856,H,-0.0293127158743921
C_39,T,40,0.2253449708223343,0.26655083894729614,0.0015300512313842773,0.25056254863739014,H,-0.164572057286061
C_39,Y,40,0.2951016128063202,0.2650271952152252,0.0023110508918762207,0.25444555282592773,H,-0.0647957455405163
H_40,A,41,0.20580264925956726,0.26418453454971313,0.001272439956665039,0.29729706048965454,G,-0.163575645622085
H_40,C,41,0.1770903319120407,0.20390684902668,0.000858306884765625,0.2822268605232239,G,-0.250052910878899
H_40,D,41,0.23522740602493286,0.2689877152442932,0.0017772912979125977,0.29928481578826904,G,0.0058200608261227
H_40,E,41,0.2346712052822113,0.24727700650691986,0.001731574535369873,0.30056774616241455,G,-0.0625229647613875
H_40,F,41,0.22618018090724945,0.20106622576713562,0.0011188387870788574,0.295579731464386,G,-0.34785291104365
H_40,K,41,0.1871604323387146,0.23114070296287537,0.001110076904296875,0.2960625886917114,G,-0.264993428789358
H_40,L,41,0.24818389117717743,0.2566564381122589,0.0016530156135559082,0.30494654178619385,G,-0.279545145997465
H_40,M,41,0.17742468416690826,0.21923451125621796,0.0009369850158691406,0.3002665042877197,G,-0.172125654002946
H_40,R,41,0.1934656947851181,0.23523002862930298,0.0012119412422180176,0.3049280047416687,G,-0.178786492187042
H_40,S,41,0.19726458191871643,0.2622678279876709,0.0012846589088439941,0.29038137197494507,G,-0.162026036386315
H_40,T,41,0.2555304765701294,0.2682299315929413,0.001766800880432129,0.3002087473869324,G,-0.271217030052653
H_40,V,41,0.2664877772331238,0.25796642899513245,0.001749277114868164,0.29982930421829224,G,-0.49045723035259
H_40,W,41,0.21084721386432648,0.17017945647239685,0.0010113120079040527,0.28931838274002075,G,-0.262261383775562
G_41,E,42,0.30264490842819214,0.29379287362098694,0.0022889375686645508,0.23031103610992432,Q,0.0378983254781679
G_41,H,42,0.31768569350242615,0.26934584975242615,0.0023179054260253906,0.20481473207473755,Q,-0.0132477318758047
G_41,K,42,0.3209303021430969,0.29251131415367126,0.002400517463684082,0.22789347171783447,Q,-0.127436739946446
G_41,L,42,0.39511770009994507,0.30640318989753723,0.0033472180366516113,0.23778140544891357,Q,-0.0134573050192264
G_41,M,42,0.3098199665546417,0.2654430568218231,0.0021126270294189453,0.22739815711975098,Q,0.0475140597217975
G_41,N,42,0.26915931701660156,0.2824413776397705,0.0019130110740661621,0.2284867763519287,Q,-0.017946889327663
G_41,P,42,0.3767493963241577,0.25076547265052795,0.0028968453407287598,0.23207581043243408,Q,-0.729384259460318
G_41,R,42,0.3369787633419037,0.2809085547924042,0.00253903865814209,0.2314172387123108,Q,-0.0442766679195339
G_41,V,42,0.35117313265800476,0.28833600878715515,0.002622246742248535,0.23313391208648682,Q,-0.0202208876951783
G_41,W,42,0.3159002363681793,0.2054411917924881,0.0018292069435119629,0.2213660478591919,Q,-0.0284699119211687
G_41,Y,42,0.38120386004447937,0.28147387504577637,0.002957284450531006,0.22918200492858887,Q,-0.0796167662021662
Q_42,A,43,0.2305784374475479,0.24764086306095123,0.0013990998268127441,0.22886955738067627,T,-0.107109298915841
Q_42,D,43,0.250394731760025,0.24485164880752563,0.0016688108444213867,0.22598469257354736,T,-0.0492338631099277
Q_42,F,43,0.3092601001262665,0.23536816239356995,0.001955389976501465,0.2288271188735962,T,-0.0126337411932688
Q_42,G,43,0.3337397277355194,0.2599485516548157,0.002526223659515381,0.19861984252929688,T,-0.210942878800112
Q_42,I,43,0.2477351278066635,0.2505161464214325,0.0015552043914794922,0.23315900564193726,T,-0.0469614538415452
Q_42,K,43,0.2054593861103058,0.24237941205501556,0.001300215721130371,0.24334019422531128,T,0.0355166802444269
Q_42,M,43,0.1791566163301468,0.21543650329113007,0.000881195068359375,0.2297404408454895,T,0.0603820383183467
Q_42,N,43,0.16765514016151428,0.24135473370552063,0.0010083913803100586,0.23511123657226562,T,-0.0212046570008722
Q_42,P,43,0.25892531871795654,0.19089525938034058,0.001427769660949707,0.22229737043380737,T,-0.415701160690221
Q_42,R,43,0.196011021733284,0.24871374666690826,0.001242220401763916,0.2429574728012085,T,-0.0639006337501941
Q_42,S,43,0.20562812685966492,0.24993616342544556,0.0012072324752807617,0.22842228412628174,T,0.0043755527983154
Q_42,Y,43,0.3084811270236969,0.23184455931186676,0.001954793930053711,0.22458600997924805,T,-0.0764513531370913
T_43,A,44,0.21339352428913116,0.30449479818344116,0.0014137029647827148,0.2202613353729248,G,-0.638772594187632
T_43,C,44,0.20517709851264954,0.26986560225486755,0.0012241601943969727,0.21885156631469727,G,-0.776383325016623
T_43,D,44,0.3442588448524475,0.31537601351737976,0.0027077794075012207,0.21361875534057617,G,-0.829273639516111
T_43,E,44,0.32079631090164185,0.3189643919467926,0.0024124979972839355,0.2177215814590454,G,-0.68835566978668
T_43,F,44,0.3709680736064911,0.294628381729126,0.0029941797256469727,0.2123938798904419,G,-0.863805540753506
T_43,H,44,0.2540439963340759,0.2801712155342102,0.0015853643417358398,0.20754599571228027,G,-1.09444544393523
T_43,I,44,0.2696334421634674,0.3070751428604126,0.00196683406829834,0.22212886810302734,G,-0.868090802269449
T_43,L,44,0.2889830470085144,0.30099594593048096,0.0020882487297058105,0.2162979245185852,G,-0.952752701269642
T_43,N,44,0.23693566024303436,0.28552329540252686,0.0014570355415344238,0.21015632152557373,G,-0.823418289274229
T_43,P,44,0.25866398215293884,0.2774870991706848,0.0016983747482299805,0.21559792757034302,G,-0.722410230187966
T_43,R,44,0.3064870834350586,0.30429595708847046,0.0021665096282958984,0.21078157424926758,G,-0.709399941224043
T_43,S,44,0.1622050702571869,0.28756099939346313,0.0009219646453857422,0.21852445602416992,G,-0.786704578609322
T_43,T,44,0.0,0.0,-1.2874603271484375e-05,0.22109723091125488,G,-0.983555294347935
T_43,V,44,0.2236468642950058,0.3029274344444275,0.001523733139038086,0.22318929433822632,G,-0.598090166820998
T_43,Y,44,0.3778940737247467,0.3016599118709564,0.0030995607376098633,0.20745784044265747,G,-0.81229548007844
G_44,A,45,0.4136345386505127,0.3333389461040497,0.003113985061645508,0.3170720934867859,M,-0.189385893125164
G_44,E,45,0.36068859696388245,0.22956182062625885,0.0022318363189697266,0.28282368183135986,M,0.0840708233058551
G_44,I,45,0.38415274024009705,0.24115242063999176,0.002511739730834961,0.2807505130767822,M,-0.0557141289185195
G_44,K,45,0.3403814435005188,0.2070760726928711,0.0019303560256958008,0.2864266037940979,M,-0.739138032841544
G_44,L,45,0.42914143204689026,0.25427931547164917,0.003139197826385498,0.28974562883377075,M,0.0889871163672287
G_44,R,45,0.36826291680336,0.25386855006217957,0.002360403537750244,0.2960805296897888,M,-0.787480167530168
G_44,S,45,0.41245198249816895,0.29865017533302307,0.0030048489570617676,0.2949705123901367,M,-0.0832326864317982
G_44,T,45,0.414699524641037,0.2627532482147217,0.0029053688049316406,0.2610393762588501,M,-0.069152273440781
G_44,V,45,0.4176984429359436,0.25954559445381165,0.0029439926147460938,0.2785590887069702,M,-0.0603170666394392
M_45,C,46,0.3688738942146301,0.24898725748062134,0.0013738274574279785,0.3321899175643921,F,-0.904703391678237
M_45,D,46,0.39940640330314636,0.24871008098125458,0.0017055869102478027,0.32209867238998413,F,-0.603536330564611
M_45,H,46,0.40924564003944397,0.2828957736492157,0.001627206802368164,0.3235325217247009,F,-0.937274545702309
M_45,I,46,0.37293872237205505,0.28319215774536133,0.0011061429977416992,0.3410221338272095,F,-0.322469365444836
M_45,L,46,0.3599652647972107,0.2866969108581543,0.0010451078414916992,0.32585686445236206,F,-0.33207801085346
M_45,N,46,0.38050204515457153,0.27261942625045776,0.0013386011123657227,0.32837581634521484,F,-0.707739823890018
M_45,P,46,0.3462541103363037,0.22168879210948944,0.001377701759338379,0.3139379024505615,F,-0.770123465763368
M_45,S,46,0.4203689396381378,0.29327812790870667,0.0015862584114074707,0.3214018940925598,F,-0.747350448664569
M_45,T,46,0.40629568696022034,0.2888167202472687,0.0014282464981079102,0.3178914189338684,F,-0.905926886141952
M_45,V,46,0.38242197036743164,0.29158949851989746,0.0011725425720214844,0.33195388317108154,F,-0.54539987699766
M_45,Y,46,0.5336772799491882,0.32302412390708923,0.003232717514038086,0.32883691787719727,F,-0.412326876516814
F_46,A,47,0.6699963212013245,0.33341550827026367,0.0064536333084106445,0.31435149908065796,P,-0.388616685880621
F_46,H,47,0.3679598271846771,0.19132158160209656,0.0017753839492797852,0.2986069917678833,P,-0.655671543260393
F_46,I,47,0.6791237592697144,0.3323730528354645,0.0064200758934021,0.29888999462127686,P,-1.09310620229017
F_46,L,47,0.6353800296783447,0.3450879454612732,0.005449891090393066,0.3031463623046875,P,-0.551325053178689
F_46,N,47,0.4101444184780121,0.1998140662908554,0.0022590160369873047,0.2968522310256958,P,-0.722373166178265
F_46,Q,47,0.4279232621192932,0.20088431239128113,0.0025042295455932617,0.2956731915473938,P,-0.0981374092928579
F_46,R,47,0.4946936070919037,0.23284120857715607,0.0034023523330688477,0.3014301061630249,P,-0.454075772475958
F_46,S,47,0.4897570312023163,0.27378329634666443,0.003102600574493408,0.31736236810684204,P,-0.540656240977387
F_46,T,47,0.5944011211395264,0.3054174780845642,0.004808783531188965,0.3142467141151428,P,-0.618838789857099
F_46,Y,47,0.4325895607471466,0.2934286594390869,0.0024240612983703613,0.3199746012687683,P,-0.597186403242561
P_47,A,48,0.4856945872306824,0.264267235994339,0.0023934245109558105,0.365866482257843,R,0.106596483582931
P_47,C,48,0.2939879596233368,0.11990347504615784,0.0011592507362365723,0.35688596963882446,R,0.0728146669577562
P_47,F,48,0.4828522205352783,0.21406503021717072,0.0029120445251464844,0.3626694679260254,R,-0.0298443414297506
P_47,H,48,0.4044845402240753,0.1805035024881363,0.0019723176956176758,0.3702279329299927,R,-0.0700402575517159
P_47,I,48,0.4242417812347412,0.20813006162643433,0.0020706653594970703,0.3638268709182739,R,-0.0168642861715739
P_47,L,48,0.46197566390037537,0.24773645401000977,0.0023412108421325684,0.3708738088607788,R,-0.0164194578425098
P_47,N,48,0.49327176809310913,0.22085821628570557,0.002785623073577881,0.36513251066207886,R,0.032660828395322
P_47,P,48,0.0,0.0,-1.2874603271484375e-05,0.33565884828567505,R,-0.427157952383741
P_47,Q,48,0.4542214274406433,0.2355896383523941,0.0023211240768432617,0.3703235983848572,R,-0.15017590924007
P_47,S,48,0.5195828080177307,0.2499508112668991,0.002699434757232666,0.35878050327301025,R,0.110909249175983
P_47,T,48,0.49462589621543884,0.2504148781299591,0.0026453137397766113,0.357860803604126,R,0.0830207282301204
P_47,Y,48,0.47992342710494995,0.21464316546916962,0.0028897523880004883,0.3669043183326721,R,-0.0355576821740021
R_48,C,49,0.3700430691242218,0.2805236876010895,0.001870870590209961,0.3539291024208069,N,-0.240292875571904
R_48,D,49,0.5092487931251526,0.3002948760986328,0.0031251907348632812,0.3546501398086548,N,-0.0244932576159529
R_48,E,49,0.552165687084198,0.3246588408946991,0.003574848175048828,0.3670188784599304,N,-0.158151942624523
R_48,F,49,0.5188366174697876,0.31972864270210266,0.0034973621368408203,0.3632770776748657,N,-0.357181694952316
R_48,G,49,0.45858803391456604,0.3369068503379822,0.0028374791145324707,0.3609616756439209,N,-0.136979425286329
R_48,H,49,0.3733138144016266,0.29281681776046753,0.0018687844276428223,0.35576683282852173,N,-0.131261017800252
R_48,I,49,0.43188172578811646,0.3032120168209076,0.0025174617767333984,0.3489706516265869,N,-0.344856963599251
R_48,K,49,0.2041192650794983,0.2598453462123871,0.0007879734039306641,0.3507566452026367,N,-0.37658165357005
R_48,L,49,0.4558306634426117,0.31636595726013184,0.0028184056282043457,0.3489266037940979,N,-0.335986030735824
R_48,M,49,0.3665127456188202,0.2821463644504547,0.0018581748008728027,0.35176658630371094,N,-0.439306544086112
R_48,Q,49,0.32583364844322205,0.2957512438297272,0.0015582442283630371,0.35412997007369995,N,-0.0248418509154615
R_48,R,49,0.0,0.0,-1.2874603271484375e-05,0.34744828939437866,N,-0.420871596084179
R_48,S,49,0.43344616889953613,0.3239578306674957,0.0024423599243164062,0.3544308543205261,N,-0.0587208574826376
R_48,T,49,0.42665913701057434,0.3447054624557495,0.0024374723434448242,0.3624579906463623,N,-0.0688127713720616
R_48,V,49,0.45604604482650757,0.3248952031135559,0.0027681589126586914,0.3386526107788086,N,-0.238885421340194
R_48,Y,49,0.48134177923202515,0.3066481947898865,0.002981722354888916,0.3647657632827759,N,-0.33102393333329
N_49,C,50,0.408870130777359,0.2718275487422943,0.0016515254974365234,0.3340975046157837,Y,-0.737609793821853
N_49,F,50,0.48925334215164185,0.2911053001880646,0.0026813745498657227,0.31090569496154785,Y,-0.15348475173178
N_49,H,50,0.4743885099887848,0.3139761686325073,0.0020624399185180664,0.3042796850204468,Y,0.0697678242124064
N_49,I,50,0.49370062351226807,0.31053829193115234,0.002558887004852295,0.32211047410964966,Y,-0.867126881036096
N_49,K,50,0.4983583986759186,0.2982466220855713,0.00230562686920166,0.31338244676589966,Y,-0.943146808519088
N_49,L,50,0.5543283224105835,0.32285332679748535,0.0032922029495239258,0.3210756778717041,Y,-0.656886640686123
N_49,N,50,0.0,0.0,-1.2874603271484375e-05,0.32611048221588135,Y,-0.890798758893856
N_49,Q,50,0.5053762793540955,0.32553333044052124,0.002323448657989502,0.3056033253669739,Y,-0.60675738660482
N_49,R,50,0.5746947526931763,0.3313405215740204,0.0031247735023498535,0.2837480306625366,Y,-0.487398087099366
N_49,S,50,0.4580128490924835,0.32274892926216125,0.0018115043640136719,0.30362969636917114,Y,-0.875942800063411
N_49,T,50,0.48345449566841125,0.3239139914512634,0.0020705461502075195,0.3090444803237915,Y,-0.935963446216285
N_49,V,50,0.5265969634056091,0.31044039130210876,0.002895057201385498,0.3224813938140869,Y,-0.689081909842623
Y_50,A,51,0.6697598099708557,0.34963908791542053,0.005160033702850342,0.3494987487792969,V,-0.110545772463295
Y_50,D,51,0.4837845265865326,0.26279881596565247,0.0030152201652526855,0.33464401960372925,V,-0.903405067214092
Y_50,E,51,0.5148611664772034,0.26129990816116333,0.003437936305999756,0.33275115489959717,V,-0.91373321693479
Y_50,F,51,0.3240076005458832,0.24216139316558838,0.0009570717811584473,0.33762770891189575,V,-0.563872734847631
Y_50,G,51,0.5117126703262329,0.26048871874809265,0.003498077392578125,0.334578275680542,V,-0.39714106249572
Y_50,I,51,0.5799407362937927,0.30647844076156616,0.003831923007965088,0.3464277982711792,V,-0.0765989783960979
Y_50,L,51,0.5803117752075195,0.32462260127067566,0.0037060976028442383,0.3492678999900818,V,-0.580943604023802
Y_50,N,51,0.47617241740226746,0.2666850984096527,0.0027527809143066406,0.3195209503173828,V,-0.616753945460119
Y_50,P,51,0.4815477132797241,0.22796136140823364,0.0033026933670043945,0.334087073802948,V,-0.450800827205749
Y_50,S,51,0.5649315714836121,0.30638134479522705,0.0037789344787597656,0.3441053628921509,V,-0.150927602342941
Y_50,T,51,0.6107845306396484,0.3178730905056,0.00442272424697876,0.34202712774276733,V,-0.140839504293186
Y_50,Y,51,0.0,0.0,-1.2874603271484375e-05,0.32929664850234985,V,-0.773170637112746
V_51,A,52,0.35895252227783203,0.28978413343429565,0.0023827552795410156,0.32177507877349854,T,0.0190666610853826
V_51,D,52,0.2763606011867523,0.1927923858165741,0.0013800859451293945,0.2853105664253235,T,-0.0679806396415207
V_51,F,52,0.5239760279655457,0.2886148691177368,0.004208385944366455,0.2865219712257385,T,-0.0944631901085669
V_51,I,52,0.2149185687303543,0.2344132661819458,0.0009062290191650391,0.28784942626953125,T,-0.141747081185162
V_51,K,52,0.28475597500801086,0.18807969987392426,0.00142747163772583,0.28722870349884033,T,0.0200203725217439
V_51,M,52,0.3405669331550598,0.2830738127231598,0.0020294189453125,0.3043854832649231,T,-0.165343345823698
V_51,N,52,0.2952631711959839,0.1989833265542984,0.0014858245849609375,0.2878339886665344,T,-0.038910879297364
V_51,P,52,0.297982782125473,0.18296490609645844,0.0015415549278259277,0.28630632162094116,T,-0.842975483047615
V_51,R,52,0.3204510509967804,0.2208607792854309,0.0018219947814941406,0.28790605068206787,T,0.0609045831307388
V_51,S,52,0.3674563467502594,0.27112194895744324,0.0024022459983825684,0.3078831434249878,T,-0.0225075750283786
V_51,V,52,0.0,0.0,-1.2874603271484375e-05,0.2721717953681946,T,-0.097022073701256
V_51,Y,52,0.4183146357536316,0.24027085304260254,0.0028173327445983887,0.274167537689209,T,-0.0007403697309366
T_52,A,53,0.21824803948402405,0.2552495300769806,0.0009909868240356445,0.24065327644348145,P,-0.0399741165687163
T_52,D,53,0.32981550693511963,0.2838507890701294,0.002209603786468506,0.24352610111236572,P,0.0169365322025785
T_52,F,53,0.32475584745407104,0.252135694026947,0.001973271369934082,0.23596447706222534,P,-0.016769903558073
T_52,H,53,0.279496967792511,0.26190319657325745,0.001545548439025879,0.24438589811325073,P,0.0081531037418191
T_52,I,53,0.2605455219745636,0.24944445490837097,0.0013085007667541504,0.24146884679794312,P,-0.0797139223183252
T_52,L,53,0.3094756305217743,0.2915261387825012,0.001857161521911621,0.2476704716682434,P,-0.0036568904968526
T_52,N,53,0.23679138720035553,0.26166555285453796,0.0012844204902648926,0.2371399998664856,P,-0.0707220522590921
T_52,Q,53,0.3028291165828705,0.2801986038684845,0.0016579627990722656,0.24497860670089722,P,-0.0017279167979646
T_52,R,53,0.3470304012298584,0.286063015460968,0.0021954774856567383,0.24793916940689087,P,-0.0506491095227347
T_52,S,53,0.14628075063228607,0.24533429741859436,0.0007080435752868652,0.23261934518814087,P,-0.0174006331908976
T_52,T,53,0.0,0.0,-1.2874603271484375e-05,0.24096310138702393,P,-0.01337915495725
T_52,V,53,0.25079870223999023,0.2563689053058624,0.0012649893760681152,0.22547203302383423,P,-0.232086981165298
T_52,Y,53,0.32133612036705017,0.25234484672546387,0.001898348331451416,0.23677343130111694,P,0.00591164687501
P_53,A,54,0.21797823905944824,0.24021907150745392,0.0013422966003417969,0.15609502792358398,V,-0.147804469706027
P_53,D,54,0.2663191556930542,0.24422994256019592,0.0020287036895751953,0.1646595001220703,V,-0.0299010625616292
P_53,E,54,0.31390419602394104,0.2689533233642578,0.00279158353805542,0.17204821109771729,V,-0.0475250508170321
P_53,F,54,0.32561787962913513,0.24680790305137634,0.0026319026947021484,0.16456788778305054,V,-0.0067046814812891
P_53,G,54,0.27945390343666077,0.25333115458488464,0.0020300745964050293,0.16153347492218018,V,-0.125159108725833
P_53,I,54,0.2785795032978058,0.2704086899757385,0.0024077892303466797,0.16603577136993408,V,-0.004685414113969
P_53,K,54,0.26513007283210754,0.23734216392040253,0.0018868446350097656,0.16618001461029053,V,-0.0703048498177943
P_53,L,54,0.28827449679374695,0.25390568375587463,0.002298891544342041,0.16729813814163208,V,-0.0341005925144016
P_53,M,54,0.254105806350708,0.2395036816596985,0.001867830753326416,0.16112083196640015,V,-0.0376376655205857
P_53,P,54,0.0,0.0,-1.2874603271484375e-05,0.15752339363098145,V,-0.0836211876872631
P_53,Q,54,0.23119240999221802,0.2377159297466278,0.0015925168991088867,0.16329950094223022,V,-0.0881435396586169
P_53,S,54,0.20926305651664734,0.22837282717227936,0.001263737678527832,0.1587241291999817,V,-0.0361994123881361
P_53,T,54,0.2205917090177536,0.24304422736167908,0.0015402436256408691,0.1342407464981079,V,-0.0426268504635555
V_54,C,55,0.1716914176940918,0.19927433133125305,0.001028895378112793,0.14918100833892822,N,-0.0740982341389369
V_54,D,55,0.3021855354309082,0.25198882818222046,0.002724945545196533,0.14365512132644653,N,-0.006313659450141
V_54,E,55,0.3134510815143585,0.24912172555923462,0.0029273033142089844,0.1386028528213501,N,0.116172760074771
V_54,F,55,0.23780792951583862,0.22398221492767334,0.0017930269241333008,0.14515525102615356,N,-0.0870442882861097
V_54,G,55,0.27371466159820557,0.22337119281291962,0.0020360946655273438,0.14449048042297363,N,-0.0649035073404722
V_54,H,55,0.22754673659801483,0.22046402096748352,0.0017996430397033691,0.14985895156860352,N,-0.0500668354589569
V_54,I,55,0.08761704713106155,0.18548555672168732,0.00044482946395874023,0.14882594347000122,N,-0.0675039188236935
V_54,K,55,0.28354546427726746,0.22577346861362457,0.0024760961532592773,0.14346933364868164,N,-0.03533967638671
V_54,R,55,0.31301990151405334,0.23671792447566986,0.0028801560401916504,0.14381498098373413,N,-0.249800277645559
V_54,S,55,0.23500102758407593,0.22540400922298431,0.0018104314804077148,0.14202803373336792,N,-0.0598627516269504
V_54,T,55,0.1821872740983963,0.21615837514400482,0.001154482364654541,0.14831846952438354,N,0.0028176772678314
V_54,V,55,0.0,0.0,-1.2874603271484375e-05,0.14675170183181763,N,0.0429804438250682
V_54,Y,55,0.2486458122730255,0.23486897349357605,0.0020891427993774414,0.15340793132781982,N,-0.0422078735345145
