Pos,WT_AA,Mut,fitness
0,T,K,0.0104638082461233
0,T,N,0.0289438703603918
0,T,R,-0.115571773202566
0,T,S,0.0071713273594922
0,T,I,-0.0105502531499921
0,T,M,-0.0333095347192936
0,T,P,0.0204142384853496
0,T,E,-0.060371473473751
0,T,A,-0.0135060893825694
0,T,G,-0.0123486586925725
0,T,V,-0.0026410859405657
0,T,L,-0.0393432484934644
1,Y,K,-0.0939636352759183
1,Y,N,-0.0350803024114652
1,Y,S,0.0446245874948195
1,Y,I,-0.0241322455070473
1,Y,Q,0.0092797882562259
1,Y,H,0.0253124801849799
1,Y,R,0.0549728961659563
1,Y,L,0.083427598552221
1,Y,C,-0.0066955048593111
1,Y,F,-0.0177426498938634
2,V,N,-0.58250666642451
2,V,T,-0.193724588528237
2,V,I,-0.407883344882388
2,V,P,-0.217978241360559
2,V,L,-0.274042775277583
2,V,E,-0.707858227731396
2,V,D,-0.866214751400859
2,V,A,-0.0343464699036987
2,V,G,-0.356312010716944
2,V,Y,-0.068717802817143
2,V,S,-0.0573686492785577
2,V,F,-0.0529429198591239
3,Q,K,-0.016600049861428
3,Q,N,-0.0740081280884374
3,Q,T,-0.0730522507605184
3,Q,R,0.0027504970289162
3,Q,M,-0.53278461142698
3,Q,H,-0.0948291468841251
3,Q,P,-0.820586738527608
3,Q,L,-0.166367096716935
3,Q,E,0.0547074958792035
3,Q,Y,-0.0965722103549573
3,Q,W,-0.120824609334217
4,A,T,-0.481092383931381
4,A,I,-0.860838416953574
4,A,P,-0.655987114361892
4,A,E,0.0064976496501479
4,A,D,-0.645002678679798
4,A,G,-0.102275939247814
4,A,V,-0.774953077310159
4,A,S,-0.190550991523298
5,L,N,-0.132995322424865
5,L,I,-0.075825322110747
5,L,Q,-0.248958903023244
5,L,H,-0.293640927319344
5,L,P,-0.705604433689829
5,L,Y,-0.180163736737033
5,L,S,-0.450917319548748
5,L,C,-0.0211774962228177
5,L,F,-0.332851806076119
6,F,N,-0.667562409177194
6,F,T,-0.73455522813522
6,F,I,-0.848911093453907
6,F,H,-0.263539927798476
6,F,L,-0.694280470285229
6,F,A,-0.928709107651643
6,F,V,-0.831962923256011
6,F,Y,-0.0074448994899027
6,F,S,-0.68643399973902
6,F,C,-0.685636340431685
7,D,N,-0.0184602050207134
7,D,T,-0.434409088632542
7,D,S,-0.123991168445273
7,D,I,-0.743256015523057
7,D,Q,-0.0676088966640766
7,D,H,-0.124469476595555
7,D,R,-0.137698798416966
7,D,E,-0.178285894203203
7,D,G,-0.231819063781906
7,D,V,-0.665852138004372
7,D,Y,-0.486307375366474
7,D,C,-0.204309784635068
7,D,F,-0.668696872430188
8,F,N,-0.834029057006239
8,F,T,-0.944116357458644
8,F,I,-0.869289621595611
8,F,M,-0.811205870036584
8,F,H,-0.922802261523876
8,F,P,-0.932933729329504
8,F,L,-0.718109060305384
8,F,A,-0.88841032105969
8,F,V,-0.928359995953799
8,F,Y,-0.774124958577862
8,F,S,-0.801401048136989
8,F,C,-0.859317762069028
9,D,K,-0.0606089199818322
9,D,N,-0.0403527631661294
9,D,T,0.002045696652988
9,D,S,0.0762799000311464
9,D,I,0.0082580002935434
9,D,H,-0.242323647308906
9,D,E,0.033614814303379
9,D,A,-0.0102158915372137
9,D,G,-0.128332963720609
9,D,V,-0.0215468437377153
9,D,Y,-0.059590791933151
9,D,L,-0.159454520341629
9,D,F,-0.0347465513668524
10,P,N,-0.20257019282276
10,P,T,-0.19854458580621
10,P,S,-0.201482837743486
10,P,I,-0.0981949787659769
10,P,Q,-0.0916245157164803
10,P,H,-0.284261518355758
10,P,R,-0.205680863679781
10,P,L,-0.405983534738583
10,P,D,-0.0697504134052782
10,P,A,-0.0346055659765784
10,P,Y,-0.240831351252995
10,P,F,-0.605030218077751
11,Q,K,-0.0680278013019811
11,Q,T,-0.373747854084636
11,Q,R,-0.210005222870492
11,Q,M,0.0794977539391815
11,Q,H,-0.163446029796336
11,Q,P,-0.707550826904712
11,Q,L,0.0566160514164223
11,Q,E,0.0996868920220838
11,Q,Y,-0.2158033978195
11,Q,W,-0.333530660250807
12,E,K,-0.71229706689314
12,E,N,-0.462142534996597
12,E,R,-0.848502439853477
12,E,M,-0.470635437718263
12,E,Q,-0.450113340096549
12,E,D,-0.217670465635802
12,E,G,-0.492548583879664
12,E,V,-0.466238051674219
12,E,Y,-0.466988096779527
12,E,L,-0.832594377814568
13,D,K,-0.123179033474684
13,D,N,-0.0923562746668875
13,D,S,-0.12781401787518
13,D,I,-0.158099840969532
13,D,H,-0.093824100564611
13,D,R,-0.106516473758046
13,D,L,-0.17565063253031
13,D,E,-0.0089579272397749
13,D,A,-0.930386863389912
13,D,G,-0.124406994160756
13,D,V,-0.12929195604902
13,D,Y,-0.106758727048812
13,D,F,-0.153983535583323
14,G,K,-0.464043017119992
14,G,R,-0.536629178760861
14,G,S,-0.391936241289311
14,G,I,-0.928648108998652
14,G,Q,-0.373758353633995
14,G,L,-0.807902627649516
14,G,E,-0.123296462782398
14,G,D,0.217052243549272
14,G,A,-0.404710019868778
14,G,V,-0.728565673313061
14,G,W,-0.434520111952078
14,G,C,-0.52230344115929
15,E,K,-0.828984813966636
15,E,R,-0.938426174398158
15,E,M,-0.851686463995407
15,E,L,-0.679311036273962
15,E,D,-0.770446005775836
15,E,G,-0.755372211098651
15,E,V,-0.834085103725606
15,E,Y,-0.766842975781114
16,L,K,-0.887208013512401
16,L,T,-0.843949352520783
16,L,M,-0.206654397255345
16,L,I,-0.0142626760322809
16,L,Q,-0.84475798809891
16,L,H,-1.05391142282611
16,L,P,-0.762205588532333
16,L,R,-0.847840212790319
16,L,A,-0.777217169436188
16,L,V,-0.172971801246655
16,L,S,-0.796521616458624
16,L,W,-0.945061679961484
17,G,N,0.0003067321736154
17,G,R,0.0465481211213356
17,G,S,-0.0697222124843289
17,G,I,-0.148009268390445
17,G,D,-0.1044437581215
17,G,A,-0.105745359476537
17,G,V,-0.133085525709277
17,G,Y,-0.0212538494476757
17,G,C,-0.106854831939744
17,G,F,-0.12892661978146
18,F,N,-0.67212214314261
18,F,T,-0.652273815275469
18,F,I,-0.290661895853038
18,F,H,-0.907786769841492
18,F,P,-0.637008355870489
18,F,R,-0.298297652285301
18,F,L,-0.143589320493117
18,F,Y,-0.666362753929603
18,F,S,-0.79757828992294
19,R,N,-0.0050569044032501
19,R,T,0.0658670105422409
19,R,S,0.0082886882971464
19,R,I,-0.0562759138612254
19,R,Q,0.0022638412107706
19,R,H,0.0115763996537982
19,R,P,-0.836740020411849
19,R,L,-0.0359084277319804
19,R,D,-0.256320471682611
19,R,A,-0.255340894434094
19,R,G,-0.0559661576849971
19,R,Y,-0.0060800808254711
19,R,C,-0.0191488820357311
19,R,W,0.0162996638673831
19,R,F,-0.256158112396043
20,R,K,0.0517437250638467
20,R,T,-0.0458897740405287
20,R,S,-0.150844256187388
20,R,M,-0.0417427195419563
20,R,Q,-0.0058127584323322
20,R,H,-0.0321125666953246
20,R,P,-0.474958100497102
20,R,L,-0.0917570444737944
20,R,G,-0.138307226082061
20,R,V,0.023830153748153
20,R,C,-0.0439377210058278
20,R,W,-0.2025812788782
21,G,K,-0.345658550285244
21,G,R,-0.319443862170287
21,G,S,-0.0747118186556399
21,G,I,-0.603260181984086
21,G,Q,-0.390589379375326
21,G,L,-0.534679608484332
21,G,E,-0.297972185768152
21,G,D,-0.0567316578062238
21,G,V,-0.537175972278397
21,G,W,-0.179075345479268
21,G,C,-0.229706066289425
22,D,K,-0.641863867244382
22,D,N,-0.154977820906033
22,D,S,-0.186240522213195
22,D,I,-0.802466744344354
22,D,H,-0.321781352938163
22,D,L,-0.80450980609848
22,D,E,-0.0338981735461335
22,D,G,-0.631396578179899
22,D,V,-0.450409727959648
22,D,Y,-0.280394587629551
22,D,C,-0.254483236001174
22,D,F,-0.290592290713217
23,F,N,-0.0933271514740889
23,F,T,0.0475172156129593
23,F,S,-0.035147136209329
23,F,I,0.0179990343768785
23,F,H,-0.0755448368552069
23,F,P,-0.109537936266499
23,F,L,0.002359632835279
23,F,A,-0.0137002037044509
23,F,G,-0.206480457747654
23,F,V,-0.113674583066199
23,F,Y,-0.0113608522316313
23,F,C,-0.0212961343788333
24,I,K,-0.810436850274061
24,I,N,-0.827185408810741
24,I,T,-0.801316731426018
24,I,R,-0.856611408129252
24,I,S,-0.886899078677243
24,I,M,-0.638411735872329
24,I,D,-0.594385891628704
24,I,A,-0.531573824137531
24,I,V,-0.0655738884154691
24,I,Y,-0.703625429104438
24,I,L,-0.176296745946968
24,I,F,-0.645368239059442
25,H,K,0.0425172972691376
25,H,N,-0.011076976627261
25,H,T,0.0974069109003582
25,H,S,-0.050465103285704
25,H,I,0.0083652124436852
25,H,Q,0.0026733865096271
25,H,P,-0.640522563167791
25,H,R,-0.0239690425118064
25,H,L,0.0135273787400885
25,H,E,0.0905495259357376
25,H,D,0.056495238250037
25,H,A,-0.146680116237313
25,H,Y,-0.0072684420186749
25,H,F,0.0490865227198411
26,V,N,-0.671419553892715
26,V,T,-0.329489030971334
26,V,I,-0.0475090366448722
26,V,M,-0.34785291104365
26,V,L,-0.0486458841543441
26,V,E,-0.737599893650638
26,V,D,-0.81322304178089
26,V,A,-0.55751876583758
26,V,G,-0.90705746763664
26,V,Y,-0.44608345997328
26,V,C,-0.0473136717740226
26,V,F,-0.579825520751897
27,M,K,-0.0426087156443839
27,M,N,-0.0355568227023691
27,M,T,0.0481901123869399
27,M,R,-0.0598240652087517
27,M,S,-0.0185359740290518
27,M,I,-0.0488781535327859
27,M,P,-0.71916098669297
27,M,L,-0.0075743506913772
27,M,E,0.0155035845753699
27,M,A,-0.140827657729214
27,M,V,0.006477023058688
27,M,W,-0.0188600107877105
27,M,F,-0.0962581298490624
28,D,K,-0.390193065807136
28,D,N,-0.126326480308519
28,D,S,-0.289393478826333
28,D,I,-0.378048966001183
28,D,H,-0.29743814617647
28,D,L,-0.390168930650678
28,D,E,-0.059098976948531
28,D,G,-0.321879516798645
28,D,V,-0.299648833278739
28,D,Y,-0.421955213618366
28,D,C,-0.248416280234382
28,D,F,-0.432069394317696
29,N,K,-0.0535907439407429
29,N,T,-0.0925452722930851
29,N,R,-0.0660742961133678
29,N,S,0.0015931090489066
29,N,I,-0.163658726736471
29,N,E,-0.0122782679389543
29,N,D,-0.0123713441317599
29,N,G,0.0340290910295845
29,N,V,-0.106893388394201
29,N,Y,-0.0556324330689617
29,N,C,-0.192891515890309
29,N,F,-0.0975060860850255
30,S,K,0.0125445413771141
30,S,T,0.0024337139208038
30,S,R,-0.0119595830256168
30,S,I,-0.170828094419444
30,S,Q,-0.0953674494867263
30,S,P,-0.647122622892651
30,S,L,-0.121386120091453
30,S,E,-0.151809912879203
30,S,A,-0.0717199905664198
30,S,Y,-0.124972660821298
30,S,F,-0.202600840173978
31,D,K,-0.732154496273447
31,D,N,-0.100908632956359
31,D,T,-0.579155840382861
31,D,S,-0.557002187390137
31,D,I,-0.601514732351855
31,D,H,-0.236630836013806
31,D,E,-0.531724254992469
31,D,G,-0.633342247455336
31,D,V,-0.764439911118795
31,D,Y,-0.572902930257099
31,D,C,-0.486696042987322
31,D,F,-0.769645763373921
32,P,K,0.023830153748153
32,P,N,-0.108987405263562
32,P,T,-0.101918627249046
32,P,I,-0.0943322261249699
32,P,Q,-0.0208041704112435
32,P,H,-0.0634012185343392
32,P,L,-0.0454658337910272
32,P,D,-0.0215557457712017
32,P,A,-0.012976905767464
32,P,G,-0.168128566244735
32,P,Y,-0.104033874133821
32,P,S,-0.0581822599877664
32,P,C,-0.128991484716109
32,P,F,-0.045859471170345
33,N,K,-0.595407132365417
33,N,T,-0.315761272944697
33,N,R,-0.380992643392712
33,N,S,-0.269391028194106
33,N,I,-0.30951549587454
33,N,H,0.0077318341418131
33,N,E,-0.279082304178433
33,N,D,0.0087085337425808
33,N,G,-0.317716416152269
33,N,V,-0.196294059168675
33,N,Y,-0.109983387492821
33,N,C,-0.201352894625742
33,N,F,-0.166336850753487
34,W,K,-0.871553469189672
34,W,T,-0.724649692447693
34,W,R,-0.818484503220927
34,W,S,-0.744259043166665
34,W,M,-0.960085328965602
34,W,Q,-0.853874479580279
34,W,L,-0.723934629206588
34,W,E,-0.791596574355048
34,W,G,-0.895963523614577
34,W,Y,-0.910631302561274
34,W,C,-0.808793999180512
34,W,F,-0.753066422318474
35,W,K,-0.65455093498039
35,W,R,-0.851483324335726
35,W,S,-0.539680948597032
35,W,M,-0.349300974453573
35,W,Q,-0.678809446367285
35,W,L,-0.271595874447453
35,W,G,-0.580520323272989
35,W,Y,-0.317829396299952
35,W,C,-0.376556659985886
35,W,F,-0.362413090221682
36,K,N,0.0348192403201665
36,K,T,0.159799976737479
36,K,R,-0.0306849488706012
36,K,S,-0.0590266096243562
36,K,I,0.0728591565278234
36,K,M,-0.145339111424234
36,K,Q,0.0905705389451486
36,K,L,0.0432475961923685
36,K,E,0.138154640249976
36,K,D,0.0112364007921262
36,K,G,0.0249803949251753
36,K,V,0.109089369068564
36,K,Y,0.0460222429043951
37,G,R,-0.813608685169993
37,G,S,-1.00287661019977
37,G,I,-0.631820680384872
37,G,E,-0.681727404225536
37,G,D,-0.648305230471057
37,G,V,-0.469320766990626
37,G,W,-0.617820938455955
37,G,C,-0.782902627725633
37,G,L,-0.832029098478028
38,A,N,-0.137216497208178
38,A,T,-0.0684186041939348
38,A,I,0.040215485840002
38,A,P,-0.806063886922101
38,A,E,-0.0173147061200174
38,A,D,-0.0079798973553889
38,A,G,0.0081853684160923
38,A,V,-0.0742071054530274
38,A,S,-0.032843780867271
38,A,F,-0.0695840671796613
39,C,N,-0.126336520328505
39,C,R,-0.0799284997778673
39,C,S,-0.0496219209728861
39,C,I,-0.0154241587801874
39,C,H,-0.0411184836382353
39,C,L,-0.0858149140542376
39,C,G,-0.421884191261949
39,C,Y,-0.199931194812579
39,C,W,-0.422218462821518
39,C,F,-0.132035863739472
40,H,K,-0.0207236304932211
40,H,N,0.0184327463564134
40,H,T,-0.164572057286061
40,H,S,-0.0293127158743921
40,H,I,-0.347977847118518
40,H,Q,-0.0214670282262424
40,H,P,-0.482544976246338
40,H,R,-0.090804497670323
40,H,L,-0.106262372297336
40,H,E,-0.0491581326965275
40,H,D,-0.0063793274274731
40,H,Y,-0.0647957455405163
40,H,C,-0.0404846827883447
40,H,F,-0.147906426133365
41,G,K,-0.264993428789358
41,G,T,-0.271217030052653
41,G,R,-0.178786492187042
41,G,S,-0.162026036386315
41,G,M,-0.172125654002946
41,G,L,-0.279545145997465
41,G,E,-0.0625229647613875
41,G,D,0.0058200608261227
41,G,A,-0.163575645622085
41,G,V,-0.49045723035259
41,G,C,-0.250052910878899
41,G,W,-0.262261383775562
41,G,F,-0.34785291104365
42,Q,K,-0.127436739946446
42,Q,N,-0.017946889327663
42,Q,R,-0.0442766679195339
42,Q,M,0.0475140597217975
42,Q,H,-0.0132477318758047
42,Q,P,-0.729384259460318
42,Q,L,-0.0134573050192264
42,Q,E,0.0378983254781679
42,Q,V,-0.0202208876951783
42,Q,Y,-0.0796167662021662
42,Q,W,-0.0284699119211687
43,T,K,0.0355166802444269
43,T,N,-0.0212046570008722
43,T,R,-0.0639006337501941
43,T,S,0.0043755527983154
43,T,I,-0.0469614538415452
43,T,M,0.0603820383183467
43,T,P,-0.415701160690221
43,T,D,-0.0492338631099277
43,T,A,-0.107109298915841
43,T,G,-0.210942878800112
43,T,Y,-0.0764513531370913
43,T,F,-0.0126337411932688
44,G,N,-0.823418289274229
44,G,T,-0.983555294347935
44,G,R,-0.709399941224043
44,G,S,-0.786704578609322
44,G,I,-0.868090802269449
44,G,H,-1.09444544393523
44,G,P,-0.722410230187966
44,G,L,-0.952752701269642
44,G,E,-0.68835566978668
44,G,D,-0.829273639516111
44,G,A,-0.638772594187632
44,G,V,-0.598090166820998
44,G,Y,-0.81229548007844
44,G,C,-0.776383325016623
44,G,F,-0.863805540753506
45,M,K,-0.739138032841544
45,M,T,-0.069152273440781
45,M,R,-0.787480167530168
45,M,S,-0.0832326864317982
45,M,I,-0.0557141289185195
45,M,E,0.0840708233058551
45,M,A,-0.189385893125164
45,M,V,-0.0603170666394392
45,M,L,0.0889871163672287
46,F,N,-0.707739823890018
46,F,T,-0.905926886141952
46,F,I,-0.322469365444836
46,F,H,-0.937274545702309
46,F,P,-0.770123465763368
46,F,L,-0.33207801085346
46,F,D,-0.603536330564611
46,F,V,-0.54539987699766
46,F,Y,-0.412326876516814
46,F,S,-0.747350448664569
46,F,C,-0.904703391678237
47,P,N,-0.722373166178265
47,P,T,-0.618838789857099
47,P,I,-1.09310620229017
47,P,Q,-0.0981374092928579
47,P,H,-0.655671543260393
47,P,R,-0.454075772475958
47,P,L,-0.551325053178689
47,P,A,-0.388616685880621
47,P,Y,-0.597186403242561
47,P,S,-0.540656240977387
48,R,N,0.032660828395322
48,R,T,0.0830207282301204
48,R,S,0.110909249175983
48,R,I,-0.0168642861715739
48,R,Q,-0.15017590924007
48,R,H,-0.0700402575517159
48,R,P,-0.427157952383741
48,R,L,-0.0164194578425098
48,R,A,0.106596483582931
48,R,Y,-0.0355576821740021
48,R,C,0.0728146669577562
48,R,F,-0.0298443414297506
49,N,K,-0.37658165357005
49,N,T,-0.0688127713720616
49,N,R,-0.420871596084179
49,N,S,-0.0587208574826376
49,N,I,-0.344856963599251
49,N,M,-0.439306544086112
49,N,Q,-0.0248418509154615
49,N,H,-0.131261017800252
49,N,L,-0.335986030735824
49,N,E,-0.158151942624523
49,N,D,-0.0244932576159529
49,N,G,-0.136979425286329
49,N,V,-0.238885421340194
49,N,Y,-0.33102393333329
49,N,C,-0.240292875571904
49,N,F,-0.357181694952316
50,Y,K,-0.943146808519088
50,Y,N,-0.890798758893856
50,Y,T,-0.935963446216285
50,Y,S,-0.875942800063411
50,Y,I,-0.867126881036096
50,Y,Q,-0.60675738660482
50,Y,H,0.0697678242124064
50,Y,R,-0.487398087099366
50,Y,L,-0.656886640686123
50,Y,V,-0.689081909842623
50,Y,C,-0.737609793821853
50,Y,F,-0.15348475173178
51,V,N,-0.616753945460119
51,V,T,-0.140839504293186
51,V,I,-0.0765989783960979
51,V,P,-0.450800827205749
51,V,L,-0.580943604023802
51,V,E,-0.91373321693479
51,V,D,-0.903405067214092
51,V,A,-0.110545772463295
51,V,G,-0.39714106249572
51,V,Y,-0.773170637112746
51,V,S,-0.150927602342941
51,V,F,-0.563872734847631
52,T,K,0.0200203725217439
52,T,N,-0.038910879297364
52,T,R,0.0609045831307388
52,T,S,-0.0225075750283786
52,T,I,-0.141747081185162
52,T,M,-0.165343345823698
52,T,P,-0.842975483047615
52,T,D,-0.0679806396415207
52,T,A,0.0190666610853826
52,T,V,-0.097022073701256
52,T,Y,-0.0007403697309366
52,T,F,-0.0944631901085669
53,P,N,-0.0707220522590921
53,P,T,-0.01337915495725
53,P,S,-0.0174006331908976
53,P,I,-0.0797139223183252
53,P,Q,-0.0017279167979646
53,P,H,0.0081531037418191
53,P,R,-0.0506491095227347
53,P,L,-0.0036568904968526
53,P,D,0.0169365322025785
53,P,A,-0.0399741165687163
53,P,V,-0.232086981165298
53,P,Y,0.00591164687501
53,P,F,-0.016769903558073
54,V,K,-0.0703048498177943
54,V,T,-0.0426268504635555
54,V,I,-0.004685414113969
54,V,M,-0.0376376655205857
54,V,Q,-0.0881435396586169
54,V,P,-0.0836211876872631
54,V,L,-0.0341005925144016
54,V,E,-0.0475250508170321
54,V,D,-0.0299010625616292
54,V,A,-0.147804469706027
54,V,G,-0.125159108725833
54,V,S,-0.0361994123881361
54,V,F,-0.0067046814812891
55,N,K,-0.03533967638671
55,N,T,0.0028176772678314
55,N,R,-0.249800277645559
55,N,S,-0.0598627516269504
55,N,I,-0.0675039188236935
55,N,H,-0.0500668354589569
55,N,E,0.116172760074771
55,N,D,-0.006313659450141
55,N,G,-0.0649035073404722
55,N,V,0.0429804438250682
55,N,Y,-0.0422078735345145
55,N,C,-0.0740982341389369
55,N,F,-0.0870442882861097
